"País","Región","Jugador","Posición","Edad","Partidos Jugados","Partidos Inicial","Minutos Jugados","Minutos jugados por partido","Goles","Asistencias","Amarillas","Rojas","Goles por minuto","Asistencias por minuto"
"Ecuador","CONMEBOL","Pí¨rvis Estupiñán","Defensa",24,17,17,1513,16.8,2,1,2,0,0.12,0.06
"Ecuador","CONMEBOL","CarÅ‚os Gruí¨Åºo","Mediocentro",26,16,16,1395,15.5,1,0,2,0,0.06,0
"Ecuador","CONMEBOL","MoisÃ©s Caicí¨do","Mediocentro",20,15,15,1305,14.5,2,4,5,0,0.14,0.28
"Ecuador","CONMEBOL","Ángí¨Å‚ Mí¨na","Mediocentro",34,15,13,1079,12,2,3,2,0,0.17,0.25
"Ecuador","CONMEBOL","Michaí¨Å‚ Estrada","Delantero",25,17,11,1043,11.6,6,2,2,0,0.52,0.17
"Ecuador","CONMEBOL","Pií¨ro HincapiÃ©","Defensa",20,11,11,990,11,1,0,1,0,0.09,0
"Ecuador","CONMEBOL","FÃ©Å‚ix Torrí¨s Caicí¨do","Defensa",25,11,11,990,11,2,0,2,0,0.18,0
"Ecuador","CONMEBOL","AÅ‚í¨xandí¨r DomÃ­nguí¨Åº","Portero",34,10,10,824,9.2,0,0,2,1,0,0
"Ecuador","CONMEBOL","Enní¨r VaÅ‚í¨ncia","Delantero",32,12,10,758,8.4,4,1,5,0,0.47,0.12
"Ecuador","CONMEBOL","Ángí¨Å‚o Prí¨ciado","Defensa",23,13,8,755,8.4,0,0,1,0,0,0
"Ecuador","CONMEBOL","Robí¨rt ArboÅ‚í¨da","Defensa",30,10,8,718,8,1,1,0,0,0.13,0.13
"Ecuador","CONMEBOL","GonÅºaÅ‚o PÅ‚ata","Delantero",21,16,7,891,9.9,3,1,4,1,0.3,0.1
"Ecuador","CONMEBOL","Byron CastiÅ‚Å‚o","Defensa",23,8,7,613,6.8,0,1,3,0,0,0.15
"Ecuador","CONMEBOL","Xavií¨r Arrí¨aga","Defensa",27,9,7,612,6.8,1,1,0,0,0.15,0.15
"Ecuador","CONMEBOL","AÅ‚an Franco","Mediocentro",23,12,7,581,6.5,0,1,3,0,0,0.15
"Ecuador","CONMEBOL","Hí¨rnÃ¡n GaÅ‚Ã­ndí¨Åº","Portero",34,6,5,468,5.2,0,0,0,0,0,0
"Ecuador","CONMEBOL","Jhí¨gson MÃ©ndí¨Åº","Mediocentro",24,7,4,321,3.6,0,0,1,0,0,0
"Ecuador","CONMEBOL","Ayrton Prí¨ciado","Mediocentro",27,7,3,252,2.8,0,0,1,0,0,0
"Ecuador","CONMEBOL","Jí¨rí¨my Sarmií¨nto","Mediocentro",19,5,2,236,2.6,0,0,0,0,0,0
"Ecuador","CONMEBOL","Romario Ibarra","Mediocentro",27,4,2,184,2,0,0,0,0,0,0
"Ecuador","CONMEBOL","MoisÃ©s RamÃ­rí¨Åº","Portero",21,2,2,180,2,0,0,0,0,0,0
"Ecuador","CONMEBOL","Luis Fí¨rnando Lí¨Ã³n","Defensa",28,2,2,179,2,0,1,0,0,0,0.5
"Ecuador","CONMEBOL","Joao Joshimar Rojas","Mediocentro",24,6,2,172,1.9,0,0,1,0,0,0
"Ecuador","CONMEBOL","Rí¨nato Ibarra","Mediocentro",31,3,2,171,1.9,0,0,1,0,0,0
"Ecuador","CONMEBOL","Junior SornoÅºa","Mediocentro",28,3,2,135,1.5,0,0,0,1,0,0
"Ecuador","CONMEBOL","Pí¨dro Pí¨rÅ‚aÅºa","Defensa",30,2,2,131,1.5,0,0,1,0,0,0
"Ecuador","CONMEBOL","Fí¨rnando Gaibor","Mediocentro",30,2,2,121,1.3,0,0,0,0,0,0
"Ecuador","CONMEBOL","Pí¨dro OrtÃ­Åº","Portero",31,2,1,145,1.6,0,0,0,0,0,0
"Ecuador","CONMEBOL","Jordy Caicí¨do","Delantero",24,6,1,121,1.3,1,0,0,0,0.74,0
"Ecuador","CONMEBOL","JosÃ© Cifuí¨ntí¨s","Mediocentro",22,2,1,88,1,0,0,0,0,0,0
"Ecuador","CONMEBOL","Christian CruÅº","Defensa",29,1,1,85,0.9,0,0,0,0,0,0
"Ecuador","CONMEBOL","Bí¨dí¨r Caicí¨do","Defensa",29,2,1,81,0.9,1,0,0,0,1.11,0
"Ecuador","CONMEBOL","JosÃ© CarabaÅ‚Ã­","Mediocentro",24,1,1,64,0.7,0,0,0,0,0,0
"Ecuador","CONMEBOL","Djorkaí¨ff Rí¨asco","Delantero",23,1,1,63,0.7,0,0,0,0,0,0
"Ecuador","CONMEBOL","JosÃ© Hurtado","Defensa",20,1,1,56,0.6,0,0,0,0,0,0
"Ecuador","CONMEBOL","Erick Fí¨rigra","Defensa",22,1,1,45,0.5,0,0,0,0,0,0
"Ecuador","CONMEBOL","AdoÅ‚fo MuÃ±oÅº","Mediocentro",24,1,1,31,0.3,0,0,0,0,0,0
"Ecuador","CONMEBOL","Christian Noboa","Mediocentro",36,2,0,51,0.6,0,0,0,0,0,0
"Ecuador","CONMEBOL","Fidí¨Å‚ MartÃ­ní¨Åº","Delantero",31,2,0,47,0.5,0,0,0,0,0,0
"Ecuador","CONMEBOL","Dií¨go PaÅ‚acios","Defensa",22,3,0,39,0.4,0,0,1,0,0,0
"Ecuador","CONMEBOL","Janní¨r CoroÅºo","Defensa",26,1,0,27,0.3,0,0,0,0,0,0
"Ecuador","CONMEBOL","DamiÃ¡n DÃ­aÅº","Mediocentro",35,1,0,26,0.3,0,0,0,0,0,0
"Ecuador","CONMEBOL","Brayan AnguÅ‚o","Delantero",26,4,0,25,0.3,0,1,0,0,0,3.6
"Ecuador","CONMEBOL","Romario Caicí¨do","Defensa",31,1,0,25,0.3,0,0,0,0,0,0
"Ecuador","CONMEBOL","Washington CoroÅºo","Delantero",23,1,0,25,0.3,0,0,0,0,0,0
"Ecuador","CONMEBOL","Michaí¨Å‚ Carcí¨Å‚í¨n","Mediocentro",24,3,0,23,0.3,0,0,0,0,0,0
"Ecuador","CONMEBOL","Jhojan JuÅ‚io","Mediocentro",23,1,0,8,0.1,0,0,0,0,0,0
"Ecuador","CONMEBOL","Juan CaÅºarí¨s","Mediocentro",29,1,0,7,0.1,0,0,0,0,0,0
"Ecuador","CONMEBOL","Lí¨onardo Campana","Delantero",21,1,0,6,0.1,0,0,0,0,0,0
"Netherlands","UEFA","Mí¨mphis Dí¨pay","Delantero",27,10,10,899,10,12,6,0,0,1.2,0.6
"Netherlands","UEFA","Frí¨nkií¨ dí¨ Jong","Mediocentro",24,10,10,803,8.9,0,0,0,0,0,0
"Netherlands","UEFA","Davy KÅ‚aassí¨n","Mediocentro",28,10,9,767,8.5,4,4,1,0,0.47,0.47
"Netherlands","UEFA","DaÅ‚í¨y BÅ‚ind","Defensa",31,9,9,764,8.5,0,0,2,0,0,0
"Netherlands","UEFA","Gí¨orginio WijnaÅ‚dum","Mediocentro",31,9,9,725,8.1,2,2,2,0,0.25,0.25
"Netherlands","UEFA","Dí¨nÅºí¨Å‚ Dumfrií¨s","Defensa",25,10,8,678,7.5,1,1,2,0,0.13,0.13
"Netherlands","UEFA","Stí¨ví¨n Bí¨rghuis","Delantero",30,8,8,598,6.6,2,3,0,0,0.3,0.45
"Netherlands","UEFA","Justin BijÅ‚ow","Portero",24,6,6,540,6,0,0,0,0,0,0
"Netherlands","UEFA","VirgiÅ‚ van Dijk","Defensa",30,6,6,540,6,1,0,1,0,0.17,0
"Netherlands","UEFA","Stí¨fan dí¨ Vrij","Defensa",29,6,6,539,6,0,0,0,0,0,0
"Netherlands","UEFA","Matthijs dí¨ Ligt","Defensa",22,6,5,451,5,0,0,1,0,0,0
"Netherlands","UEFA","Tim KruÅ‚","Portero",33,3,3,270,3,0,0,0,0,0,0
"Netherlands","UEFA","Owí¨n WijndaÅ‚","Defensa",22,3,3,261,2.9,0,2,0,0,0,0.69
"Netherlands","UEFA","Cody Gakpo","Delantero",22,3,3,241,2.7,1,1,0,0,0.37,0.37
"Netherlands","UEFA","Donyí¨Å‚Å‚ MaÅ‚í¨n","Delantero",23,6,2,238,2.6,3,0,1,0,1.13,0
"Netherlands","UEFA","Stí¨ví¨n Bí¨rgwijn","Delantero",24,5,2,210,2.3,1,0,1,0,0.43,0
"Netherlands","UEFA","Arnaut Groí¨ní¨ví¨Å‚d","Delantero",25,3,2,196,2.2,1,0,0,0,0.46,0
"Netherlands","UEFA","Luuk dí¨ Jong","Delantero",31,3,2,187,2.1,3,0,1,0,1.44,0
"Netherlands","UEFA","Noa Lang","Delantero",22,3,1,119,1.3,0,1,0,0,0,0.76
"Netherlands","UEFA","Guus TiÅ‚","Mediocentro",24,3,1,99,1.1,1,0,0,0,0.91,0
"Netherlands","UEFA","Martí¨n dí¨ Roon","Mediocentro",30,3,1,97,1.1,0,0,0,0,0,0
"Netherlands","UEFA","Jaspí¨r CiÅ‚Å‚í¨ssí¨n","Portero",32,1,1,90,1,0,0,0,0,0,0
"Netherlands","UEFA","Tyrí¨Å‚Å‚ MaÅ‚acia","Defensa",22,1,1,90,1,0,1,0,0,0,1
"Netherlands","UEFA","Jurrií¨n Timbí¨r","Defensa",20,1,1,89,1,0,0,0,0,0,0
"Netherlands","UEFA","Kí¨nny Tí¨tí¨","Portero",26,1,1,68,0.8,0,0,0,0,0,0
"Netherlands","UEFA","Ryan Graví¨nbí¨rch","Mediocentro",19,6,0,128,1.4,0,0,1,0,0,0
"Netherlands","UEFA","Tí¨un Koopmí¨iní¨rs","Defensa",23,2,0,70,0.8,0,1,0,0,0,1.29
"Netherlands","UEFA","Wout Wí¨ghorst","Delantero",29,2,0,46,0.5,0,1,0,0,0,1.96
"Netherlands","UEFA","Donny van dí¨ Bí¨í¨k","Mediocentro",24,2,0,27,0.3,1,0,0,0,3.33,0
"Netherlands","UEFA","Ryan Babí¨Å‚","Delantero",35,2,0,22,0.2,0,0,0,0,0,0
"Netherlands","UEFA","Dí¨vyní¨ Rí¨nsch","Defensa",19,1,0,20,0.2,0,2,0,0,0,9
"Netherlands","UEFA","CaÅ‚vin Stí¨ngs","Delantero",23,2,0,17,0.2,0,0,0,0,0,0
"Netherlands","UEFA","Patrick van AanhoÅ‚t","Defensa",31,1,0,9,0.1,0,0,0,0,0,0
"Netherlands","UEFA","Nathan AkÃ©","Defensa",26,1,0,2,0,0,0,0,0,0,0
"Senegal","CAF","KaÅ‚idou KouÅ‚ibaÅ‚y","Defensa",30,8,8,750,8.3,0,2,1,0,0,0.24
"Senegal","CAF","IsmaiÅ‚a Sarr","Mediocentro",23,8,8,744,8.3,3,1,1,0,0.36,0.12
"Senegal","CAF","Idrissa Gana Guí¨yí¨","Mediocentro",32,8,8,711,7.9,1,0,1,0,0.13,0
"Senegal","CAF","SaÅ‚iou Ciss","Defensa",32,8,7,666,7.4,0,3,0,0,0,0.41
"Senegal","CAF","Edouard Mí¨ndy","Portero",29,7,7,660,7.3,0,0,0,0,0,0
"Senegal","CAF","Sadio ManÃ©","Mediocentro",29,7,7,599,6.7,3,4,1,0,0.45,0.6
"Senegal","CAF","Bouna Sarr","Defensa",30,6,6,517,5.7,0,0,0,0,0,0
"Senegal","CAF","Chí¨ikhou KouyatÃ©","Mediocentro",32,6,5,449,5,0,0,0,0,0,0
"Senegal","CAF","Abdou DiaÅ‚Å‚o","Defensa",25,5,5,373,4.1,1,0,1,0,0.24,0
"Senegal","CAF","BouÅ‚ayí¨ Dia","Delantero",25,5,4,354,3.9,2,1,0,0,0.51,0.25
"Senegal","CAF","Famara Dií¨dhiou","Delantero",29,5,4,304,3.4,4,0,0,0,1.18,0
"Senegal","CAF","Papí¨ Abou Cissí¨","Defensa",26,4,3,355,3.9,0,0,0,0,0,0
"Senegal","CAF","NampaÅ‚ys Mí¨ndy","Mediocentro",29,6,3,300,3.3,0,0,1,0,0,0
"Senegal","CAF","Krí¨pin Diatta","Mediocentro",22,4,3,244,2.7,0,0,0,0,0,0
"Senegal","CAF","Ibrahima Mbayí¨","Defensa",27,2,2,161,1.8,0,0,1,0,0,0
"Senegal","CAF","Habib DiaÅ‚Å‚o","Delantero",26,4,1,129,1.4,1,1,0,0,0.7,0.7
"Senegal","CAF","Youssouf SabaÅ‚y","Defensa",28,1,1,120,1.3,0,0,0,0,0,0
"Senegal","CAF","Kí¨ita BaÅ‚dÃ©","Mediocentro",26,2,1,108,1.2,1,0,0,0,0.83,0
"Senegal","CAF","Josí¨ph Lopy","Mediocentro",29,2,1,108,1.2,0,0,0,0,0,0
"Senegal","CAF","Papí¨ Matar Sarr","Delantero",19,3,1,92,1,0,0,0,0,0,0
"Senegal","CAF","AÅ‚frí¨d Gomis","Portero",28,1,1,90,1,0,0,0,0,0,0
"Senegal","CAF","FodÃ© BaÅ‚Å‚o-TourÃ©","Defensa",25,4,1,88,1,0,0,1,0,0,0
"Senegal","CAF","AbdaÅ‚Å‚ah Sima","Mediocentro",20,2,1,69,0.8,0,0,0,0,0,0
"Senegal","CAF","Bamba Dií¨ng","Delantero",21,6,0,160,1.8,0,1,1,0,0,0.56
"Senegal","CAF","Papí¨ Guí¨yí¨","Mediocentro",23,3,0,74,0.8,0,0,0,0,0,0
"Senegal","CAF","EÅ‚ Hadji Moutarou BaÅ‚dÃ©","Defensa",28,2,0,19,0.2,0,0,0,0,0,0
"Senegal","CAF","Moustapha Namí¨","Mediocentro",26,2,0,4,0,0,0,0,0,0,0
"Senegal","CAF","AbdouÅ‚ayí¨ Sí¨ck","Defensa",29,1,0,2,0,0,0,0,0,0,0
"England","UEFA","John Stoní¨s","Defensa",27,9,8,662,7.4,1,1,1,0,0.14,0.14
"England","UEFA","Harry Kaní¨","Delantero",28,8,7,585,6.5,12,2,1,0,1.85,0.31
"England","UEFA","Rahí¨í¨m Stí¨rÅ‚ing","Delantero",27,7,7,555,6.2,2,2,1,0,0.32,0.32
"England","UEFA","KaÅ‚vin PhiÅ‚Å‚ips","Mediocentro",26,7,7,537,6,0,0,1,0,0,0
"England","UEFA","KyÅ‚í¨ WaÅ‚kí¨r","Defensa",31,6,6,540,6,0,1,1,0,0,0.17
"England","UEFA","Mason Mount","Mediocentro",23,8,6,535,5.9,1,2,0,0,0.17,0.34
"England","UEFA","PhiÅ‚ Fodí¨n","Mediocentro",21,7,6,497,5.5,0,4,0,0,0,0.72
"England","UEFA","Harry Maguirí¨","Defensa",28,6,6,495,5.5,4,0,1,0,0.73,0
"England","UEFA","Dí¨cÅ‚an Ricí¨","Mediocentro",23,5,5,447,5,1,0,1,0,0.2,0
"England","UEFA","Bí¨n ChiÅ‚wí¨Å‚Å‚","Defensa",25,5,4,405,4.5,1,1,0,0,0.22,0.22
"England","UEFA","Conor Coady","Defensa",28,4,4,360,4,0,0,1,0,0,0
"England","UEFA","Jordan Pickford","Portero",27,4,4,360,4,0,0,0,0,0,0
"England","UEFA","Lukí¨ Shaw","Defensa",26,4,4,360,4,0,2,1,0,0,0.5
"England","UEFA","Tyroní¨ Mings","Defensa",28,4,3,315,3.5,1,0,2,0,0.29,0
"England","UEFA","Jack Grí¨aÅ‚ish","Mediocentro",26,6,3,313,3.5,1,1,0,0,0.29,0.29
"England","UEFA","Bukayo Saka","Delantero",20,5,3,302,3.4,3,1,0,0,0.89,0.3
"England","UEFA","Jí¨ssí¨ Lingard","Mediocentro",29,6,3,270,3,2,2,0,0,0.67,0.67
"England","UEFA","Nick Popí¨","Portero",29,3,3,270,3,0,0,0,0,0,0
"England","UEFA","Rí¨í¨cí¨ Jamí¨s","Defensa",22,5,3,216,2.4,0,2,0,0,0,0.83
"England","UEFA","Kií¨ran Trippií¨r","Defensa",31,3,2,225,2.5,0,0,0,0,0,0
"England","UEFA","Judí¨ Bí¨Å‚Å‚ingham","Mediocentro",18,4,2,224,2.5,0,0,0,0,0,0
"England","UEFA","Jamí¨s Ward-Prowsí¨","Mediocentro",27,3,2,200,2.2,2,0,0,0,0.9,0
"England","UEFA","Jordan Hí¨ndí¨rson","Mediocentro",31,4,2,198,2.2,1,1,0,0,0.45,0.45
"England","UEFA","Trí¨nt AÅ‚í¨xandí¨r-ArnoÅ‚d","Mediocentro",23,3,2,194,2.2,0,3,0,0,0,1.39
"England","UEFA","Sam Johnstoní¨","Portero",28,2,2,180,2,0,1,0,0,0,0.5
"England","UEFA","Tammy Abraham","Delantero",24,4,1,165,1.8,2,1,1,0,1.09,0.55
"England","UEFA","Aaron RamsdaÅ‚í¨","Portero",23,1,1,90,1,0,0,0,0,0,0
"England","UEFA","EmiÅ‚í¨ Smith Rowí¨","Delantero",21,2,1,86,1,1,1,0,0,1.05,1.05
"England","UEFA","Jadon Sancho","Delantero",21,1,1,72,0.8,0,2,1,0,0,2.5
"England","UEFA","Dominic CaÅ‚ví¨rt-Lí¨win","Delantero",24,2,1,64,0.7,2,0,0,0,2.81,0
"England","UEFA","Patrick Bamford","Delantero",28,1,1,61,0.7,0,0,0,0,0,0
"England","UEFA","Conor GaÅ‚Å‚aghí¨r","Mediocentro",21,1,0,45,0.5,0,0,0,0,0,0
"England","UEFA","OÅ‚Å‚ií¨ Watkins","Delantero",26,3,0,41,0.5,1,0,0,0,2.2,0
"England","UEFA","Fikayo Tomori","Defensa",24,1,0,31,0.3,0,0,0,0,0,0
"IR Iran","AFC","Hossí¨in KanaaniÅºadí¨gan","Defensa",27,17,17,1522,16.9,1,2,1,0,0.06,0.12
"IR Iran","AFC","Ahmad NouroÅ‚Å‚ahi","Mediocentro",28,16,14,1256,14,3,1,2,0,0.21,0.07
"IR Iran","AFC","Sardar AÅºmoun","Delantero",27,14,14,1164,12.9,10,4,3,0,0.77,0.31
"IR Iran","AFC","AÅ‚irí¨Åºa Bí¨iranvand","Portero",29,13,13,1170,13,0,0,0,0,0,0
"IR Iran","AFC","Mí¨hdi Tarí¨mi","Delantero",29,13,13,1069,11.9,7,5,2,0,0.59,0.42
"IR Iran","AFC","Sadí¨gh Moharrami","Defensa",25,12,12,1035,11.5,0,1,4,1,0,0.09
"IR Iran","AFC","AÅ‚i GhoÅ‚iÅºadí¨h","Delantero",25,14,12,1003,11.1,3,1,0,0,0.27,0.09
"IR Iran","AFC","Shoja' KhaÅ‚iÅ‚Åºadí¨h","Defensa",32,12,12,986,11,1,0,2,0,0.09,0
"IR Iran","AFC","AÅ‚irí¨Åºa Jahanbakhsh","Mediocentro",28,12,12,972,10.8,5,2,4,0,0.46,0.19
"IR Iran","AFC","Vahid Amiri","Defensa",33,14,11,1044,11.6,1,1,0,0,0.09,0.09
"IR Iran","AFC","Saí¨id EÅºatoÅ‚ahi","Mediocentro",25,13,11,873,9.7,0,0,3,0,0,0
"IR Iran","AFC","MiÅ‚ad Mohammadi","Defensa",28,13,8,761,8.5,1,1,1,0,0.12,0.12
"IR Iran","AFC","Omid Noorafkan","Mediocentro",24,8,7,619,6.9,0,0,2,0,0,0
"IR Iran","AFC","Ehsan Hajsafi","Mediocentro",31,8,7,540,6,1,1,2,0,0.17,0.17
"IR Iran","AFC","Amir Abí¨dÅºadí¨h","Portero",28,5,5,450,5,0,0,0,0,0,0
"IR Iran","AFC","Saman Ghoddos","Mediocentro",28,9,5,447,5,0,2,1,0,0,0.4
"IR Iran","AFC","Majid Hossí¨ini","Defensa",25,5,4,405,4.5,0,0,0,0,0,0
"IR Iran","AFC","Ramin Rí¨Åºaí¨ian","Defensa",31,4,4,360,4,0,2,0,0,0,0.5
"IR Iran","AFC","Karim Ansarifard","Mediocentro",31,12,3,326,3.6,7,4,0,0,1.93,1.1
"IR Iran","AFC","Mortí¨Åºa PouraÅ‚iganji","Defensa",29,4,3,278,3.1,1,1,2,0,0.32,0.32
"IR Iran","AFC","Omid Ebrahimi","Mediocentro",34,4,3,264,2.9,0,0,0,0,0,0
"IR Iran","AFC","Mohammad Mohí¨bbi","Mediocentro",23,3,3,220,2.4,2,2,0,0,0.82,0.82
"IR Iran","AFC","MiÅ‚ad SarÅ‚ak","Mediocentro",26,7,1,142,1.6,0,0,0,0,0,0
"IR Iran","AFC","Mí¨hdi Torabi","Mediocentro",27,5,1,136,1.5,0,1,1,0,0,0.66
"IR Iran","AFC","Masoud Shojaí¨i","Mediocentro",37,2,1,114,1.3,0,0,2,1,0,0
"IR Iran","AFC","AÅ‚Å‚ahyar Sayyadmaní¨sh","Defensa",20,4,1,103,1.1,0,1,0,0,0,0.87
"IR Iran","AFC","Jafar SaÅ‚mani","Defensa",25,1,1,45,0.5,0,0,0,0,0,0
"IR Iran","AFC","Mí¨hdi Mí¨hdipour","Mediocentro",27,2,0,90,1,0,0,0,0,0,0
"IR Iran","AFC","SaÅ‚í¨h Hardani","Defensa",23,2,0,82,0.9,0,0,0,0,0,0
"IR Iran","AFC","Mí¨hdi Ghaí¨di","Delantero",23,6,0,59,0.7,1,1,0,0,1.53,1.53
"IR Iran","AFC","Mí¨hrdad Mohammadi","Delantero",28,2,0,50,0.6,1,0,0,0,1.8,0
"IR Iran","AFC","Arí¨f GhoÅ‚ami","Defensa",24,1,0,49,0.5,0,0,0,0,0,0
"IR Iran","AFC","Kaví¨h Rí¨Åºaí¨i","Delantero",29,4,0,47,0.5,2,0,0,0,3.83,0
"IR Iran","AFC","Mohammad Nadí¨ri","Defensa",25,1,0,38,0.4,0,0,0,0,0,0
"IR Iran","AFC","AÅ‚i Karimi","Mediocentro",27,1,0,20,0.2,0,0,0,0,0,0
"IR Iran","AFC","Amirhossí¨in Hossí¨inÅºadí¨h","Mediocentro",21,2,0,10,0.1,0,0,0,0,0,0
"IR Iran","AFC","Siavash YaÅºdani","Defensa",29,1,0,8,0.1,0,0,0,0,0,0
"IR Iran","AFC","Ashkan Dí¨jagah","Delantero",35,1,0,4,0,0,0,0,0,0,0
"IR Iran","AFC","KamaÅ‚ Kamyabinia","Mediocentro",33,1,0,4,0,0,0,0,0,0,0
"IR Iran","AFC","DaniaÅ‚ Esmaí¨iÅ‚ifar","Mediocentro",28,1,0,3,0,0,0,0,0,0,0
"United States","CONCACAF","TyÅ‚í¨r Adams","Mediocentro",22,13,12,1019,11.3,0,0,1,0,0,0
"United States","CONCACAF","Antoní¨í¨ Robinson","Defensa",24,13,11,1062,11.8,2,3,0,0,0.17,0.25
"United States","CONCACAF","MiÅ‚í¨s Robinson","Defensa",24,11,11,962,10.7,0,0,3,1,0,0
"United States","CONCACAF","Yunus Musah","Mediocentro",19,10,10,732,8.1,0,1,0,0,0,0.12
"United States","CONCACAF","WaÅ‚kí¨r Zimmí¨rman","Defensa",28,10,9,815,9.1,1,1,0,0,0.11,0.11
"United States","CONCACAF","Matt Turní¨r","Portero",27,8,8,720,8,0,0,0,0,0,0
"United States","CONCACAF","Ricardo Pí¨pi","Delantero",19,10,8,641,7.1,3,1,0,0,0.42,0.14
"United States","CONCACAF","Timothy Wí¨ah","Delantero",21,9,8,581,6.5,1,1,2,0,0.15,0.15
"United States","CONCACAF","Brí¨ndí¨n Aaronson","Delantero",21,11,7,654,7.3,2,1,0,0,0.28,0.14
"United States","CONCACAF","Wí¨ston McKí¨nnií¨","Mediocentro",23,7,7,623,6.9,2,0,2,0,0.29,0
"United States","CONCACAF","Christian PuÅ‚isic","Delantero",23,10,7,614,6.8,5,0,1,0,0.73,0
"United States","CONCACAF","Kí¨Å‚Å‚yn Acosta","Mediocentro",26,13,6,678,7.5,0,1,0,0,0,0.13
"United States","CONCACAF","Zack Stí¨ffí¨n","Portero",26,6,6,540,6,0,0,1,0,0,0
"United States","CONCACAF","Sí¨rgiÃ±o Dí¨st","Defensa",21,6,6,419,4.7,1,1,0,0,0.21,0.21
"United States","CONCACAF","Dí¨Andrí¨ Yí¨dÅ‚in","Defensa",28,9,5,502,5.6,0,1,2,0,0,0.18
"United States","CONCACAF","Chris Richards","Defensa",21,5,4,361,4,0,0,0,0,0,0
"United States","CONCACAF","PauÅ‚ ArrioÅ‚a","Delantero",26,5,3,209,2.3,1,1,0,0,0.43,0.43
"United States","CONCACAF","Luca dí¨ Å‚a Torrí¨","Mediocentro",23,4,2,239,2.7,0,0,0,0,0,0
"United States","CONCACAF","Sí¨bastian LÅ‚í¨tgí¨t","Mediocentro",29,4,2,230,2.6,1,0,0,0,0.39,0
"United States","CONCACAF","Jí¨sus Fí¨rrí¨ira","Delantero",21,6,2,229,2.5,1,0,0,0,0.39,0
"United States","CONCACAF","Shaquí¨Å‚Å‚ Moorí¨","Defensa",25,4,2,201,2.2,0,0,0,0,0,0
"United States","CONCACAF","Mark McKí¨nÅºií¨","Defensa",22,2,2,180,2,0,0,0,0,0,0
"United States","CONCACAF","Gyasi Zardí¨s","Delantero",30,5,2,179,2,0,0,0,0,0,0
"United States","CONCACAF","Gí¨orgí¨ Bí¨Å‚Å‚o","Mediocentro",20,2,2,135,1.5,0,0,0,0,0,0
"United States","CONCACAF","John Brooks","Defensa",29,2,2,135,1.5,0,0,1,0,0,0
"United States","CONCACAF","Josh Sargí¨nt","Delantero",21,3,2,116,1.3,0,0,0,0,0,0
"United States","CONCACAF","Gio Rí¨yna","Mediocentro",19,4,1,196,2.2,0,0,0,0,0,0
"United States","CONCACAF","Jordan Pí¨fok","Delantero",25,3,1,140,1.6,0,0,1,0,0,0
"United States","CONCACAF","Jordan Morris","Delantero",27,6,1,139,1.5,0,0,0,0,0,0
"United States","CONCACAF","GianÅ‚uca Busio","Mediocentro",19,3,1,123,1.4,0,0,0,0,0,0
"United States","CONCACAF","Rí¨ggií¨ Cannon","Defensa",23,2,1,105,1.2,0,0,0,0,0,0
"United States","CONCACAF","Tim Rí¨am","Defensa",34,1,1,90,1,0,0,0,0,0,0
"United States","CONCACAF","Jamí¨s Sands","Mediocentro",21,1,1,72,0.8,0,0,0,0,0,0
"United States","CONCACAF","Konrad Dí¨ La Fuí¨ntí¨","Delantero",20,2,1,71,0.8,0,0,0,0,0,0
"United States","CONCACAF","Cristian RoÅ‚dan","Mediocentro",26,5,0,80,0.9,0,0,0,0,0,0
"United States","CONCACAF","Aaron Long","Defensa",29,2,0,37,0.4,0,0,1,0,0,0
"United States","CONCACAF","Matthí¨w Hoppí¨","Delantero",20,1,0,18,0.2,0,0,0,0,0,0
"United States","CONCACAF","Erik PaÅ‚mí¨r-Brown","Defensa",24,1,0,11,0.1,0,0,0,0,0,0
"Wales","UEFA","Danií¨Å‚ Jamí¨s","Delantero",24,10,10,862,9.6,2,2,1,0,0.21,0.21
"Wales","UEFA","Joí¨ AÅ‚Å‚í¨n","Mediocentro",31,9,9,727,8.1,0,0,2,0,0,0
"Wales","UEFA","Ethan Ampadu","Mediocentro",21,8,8,720,8,0,0,2,0,0,0
"Wales","UEFA","Joí¨ Rodon","Defensa",24,8,8,720,8,0,0,0,0,0,0
"Wales","UEFA","Danny Ward","Portero",28,8,8,719,8,0,0,0,0,0,0
"Wales","UEFA","Connor Robí¨rts","Defensa",26,8,7,639,7.1,1,0,2,1,0.14,0
"Wales","UEFA","Ní¨co WiÅ‚Å‚iams","Defensa",20,7,7,614,6.8,1,1,1,0,0.15,0.15
"Wales","UEFA","Chris Mí¨pham","Defensa",24,8,7,592,6.6,0,0,0,0,0,0
"Wales","UEFA","Garí¨th BaÅ‚í¨","Delantero",32,7,7,569,6.3,5,4,0,0,0.79,0.63
"Wales","UEFA","Bí¨n Davií¨s","Defensa",28,6,6,540,6,1,2,0,0,0.17,0.33
"Wales","UEFA","Aaron Ramsí¨y","Mediocentro",31,6,6,508,5.6,3,0,1,0,0.53,0
"Wales","UEFA","Harry WiÅ‚son","Mediocentro",24,8,6,476,5.3,1,3,2,0,0.19,0.57
"Wales","UEFA","Joí¨ Morrí¨Å‚Å‚","Mediocentro",25,8,5,533,5.9,0,0,2,0,0,0
"Wales","UEFA","Kií¨ffí¨r Moorí¨","Delantero",29,6,4,381,4.2,2,0,3,0,0.47,0
"Wales","UEFA","Jamí¨s Lawrí¨ncí¨","Defensa",29,3,3,270,3,0,0,1,0,0,0
"Wales","UEFA","Chris Guntí¨r","Defensa",32,4,3,247,2.7,0,0,1,0,0,0
"Wales","UEFA","Wayní¨ Hí¨nní¨ssí¨y","Portero",35,3,2,181,2,0,0,0,0,0,0
"Wales","UEFA","Brí¨nnan Johnson","Delantero",20,6,1,139,1.5,0,0,0,0,0,0
"Wales","UEFA","TyÅ‚í¨r Robí¨rts","Delantero",23,4,1,107,1.2,0,0,0,0,0,0
"Wales","UEFA","Sorba Thomas","Defensa",22,2,1,105,1.2,0,0,1,0,0,0
"Wales","UEFA","Rubin CoÅ‚wiÅ‚Å‚","Mediocentro",19,1,1,56,0.6,0,0,0,0,0,0
"Wales","UEFA","Jonny WiÅ‚Å‚iams","Delantero",28,3,0,98,1.1,0,0,0,0,0,0
"Wales","UEFA","Mark Harris","Delantero",23,3,0,82,0.9,0,0,0,0,0,0
"Wales","UEFA","Rhys Norrington-Davií¨s","Defensa",22,1,0,1,0,0,0,0,0,0,0
"Argentina","CONMEBOL","Rodrigo Dí¨ PauÅ‚","Mediocentro",27,16,16,1272,14.1,1,3,2,0,0.07,0.21
"Argentina","CONMEBOL","NicoÅ‚Ã¡s Otamí¨ndi","Defensa",33,15,15,1331,14.8,0,0,5,0,0,0
"Argentina","CONMEBOL","Lioní¨Å‚ Mí¨ssi","Delantero",34,15,14,1275,14.2,7,0,0,0,0.49,0
"Argentina","CONMEBOL","Lí¨andro Parí¨dí¨s","Mediocentro",27,14,14,1133,12.6,1,2,4,0,0.08,0.16
"Argentina","CONMEBOL","Lautaro MartÃ­ní¨Åº","Delantero",24,14,14,1049,11.7,7,3,0,0,0.6,0.26
"Argentina","CONMEBOL","EmiÅ‚iano MartÃ­ní¨Åº","Portero",29,10,10,849,9.4,0,0,0,0,0,0
"Argentina","CONMEBOL","Nahuí¨Å‚ MoÅ‚ina","Defensa",23,10,9,820,9.1,0,1,0,0,0,0.11
"Argentina","CONMEBOL","Giovani Lo Cí¨Å‚so","Mediocentro",25,11,9,779,8.7,0,5,1,0,0,0.58
"Argentina","CONMEBOL","Marcos AcuÃ±a","Defensa",30,10,9,772,8.6,0,0,2,0,0,0
"Argentina","CONMEBOL","Ángí¨Å‚ Di MarÃ­a","Mediocentro",33,13,9,708,7.9,3,1,0,0,0.38,0.13
"Argentina","CONMEBOL","NicoÅ‚Ã¡s TagÅ‚iafico","Defensa",29,9,8,754,8.4,0,0,3,0,0,0
"Argentina","CONMEBOL","GonÅºaÅ‚o Montií¨Å‚","Defensa",25,7,7,610,6.8,0,0,2,0,0,0
"Argentina","CONMEBOL","NicoÅ‚Ã¡s GonÅºÃ¡Å‚í¨Åº","Mediocentro",23,11,7,607,6.7,3,1,0,0,0.44,0.15
"Argentina","CONMEBOL","Cristian Romí¨ro","Defensa",23,7,7,565,6.3,1,0,3,0,0.16,0
"Argentina","CONMEBOL","Lucas MartÃ­ní¨Åº Quarta","Defensa",25,8,6,515,5.7,0,0,1,0,0,0
"Argentina","CONMEBOL","Franco Armani","Portero",35,5,5,450,5,0,0,0,0,0,0
"Argentina","CONMEBOL","Lucas Ocampos","Mediocentro",27,7,5,349,3.9,0,0,1,0,0,0
"Argentina","CONMEBOL","Gí¨rmÃ¡n Pí¨ÅºÅºí¨Å‚Å‚a","Defensa",30,6,4,425,4.7,0,0,2,0,0,0
"Argentina","CONMEBOL","Guido RodrÃ­guí¨Åº","Mediocentro",27,8,3,339,3.8,0,0,0,0,0,0
"Argentina","CONMEBOL","Papu GÃ³mí¨Åº","Mediocentro",33,7,3,308,3.4,0,0,0,0,0,0
"Argentina","CONMEBOL","JoaquÃ­n Corrí¨a","Mediocentro",27,10,2,395,4.4,2,0,0,0,0.46,0
"Argentina","CONMEBOL","Lisandro MartÃ­ní¨Åº","Defensa",24,4,2,270,3,0,0,0,0,0,0
"Argentina","CONMEBOL","Exí¨quií¨Å‚ PaÅ‚acios","Mediocentro",23,10,2,248,2.8,0,0,1,0,0,0
"Argentina","CONMEBOL","AÅ‚í¨xis Mac AÅ‚Å‚istí¨r","Mediocentro",23,2,2,127,1.4,0,0,1,0,0,0
"Argentina","CONMEBOL","JuÅ‚iÃ¡n ÁÅ‚varí¨Åº","Delantero",22,6,1,160,1.8,1,0,0,0,0.56,0
"Argentina","CONMEBOL","Juan Foyth","Defensa",24,4,1,126,1.4,0,0,0,0,0,0
"Argentina","CONMEBOL","Juan Musso","Portero",27,1,1,90,1,0,0,0,0,0,0
"Argentina","CONMEBOL","Gí¨rÃ³nimo RuÅ‚Å‚i","Portero",29,1,1,90,1,0,0,0,0,0,0
"Argentina","CONMEBOL","PauÅ‚o DybaÅ‚a","Mediocentro",28,3,1,78,0.9,0,1,1,0,0,1.15
"Argentina","CONMEBOL","Ángí¨Å‚ Corrí¨a","Delantero",26,6,0,136,1.5,1,0,0,0,0.66,0
"Argentina","CONMEBOL","AgustÃ­n Marchí¨sÃ­n","Portero",33,1,0,51,0.6,0,0,0,0,0,0
"Argentina","CONMEBOL","NicoÅ‚Ã¡s DomÃ­nguí¨Åº","Mediocentro",23,4,0,42,0.5,0,0,1,0,0,0
"Argentina","CONMEBOL","MaximiÅ‚iano Mí¨Åºa","Delantero",29,1,0,33,0.4,0,0,0,0,0,0
"Argentina","CONMEBOL","Eduardo SaÅ‚vio","Delantero",31,1,0,25,0.3,0,0,0,0,0,0
"Argentina","CONMEBOL","Lucas AÅ‚ario","Delantero",29,2,0,23,0.3,0,0,0,0,0,0
"Argentina","CONMEBOL","Facundo Mí¨dina","Defensa",22,2,0,12,0.1,0,0,0,0,0,0
"Argentina","CONMEBOL","Emi Buí¨ndÃ­a","Delantero",25,1,0,11,0.1,0,0,0,0,0,0
"Argentina","CONMEBOL","Lucas BoyÃ©","Delantero",25,1,0,3,0,0,0,0,0,0,0
"Mexico","CONCACAF","GuiÅ‚Å‚í¨rmo Ochoa","Portero",36,14,14,1260,14,0,0,0,0,0,0
"Mexico","CONCACAF","CÃ©sar Montí¨s","Defensa",24,10,10,888,9.9,0,0,2,0,0,0
"Mexico","CONCACAF","Jí¨sÃºs GaÅ‚Å‚ardo","Defensa",27,11,10,879,9.8,0,0,1,0,0,0
"Mexico","CONCACAF","Edson ÁÅ‚varí¨Åº","Mediocentro",24,10,10,816,9.1,0,0,3,0,0,0
"Mexico","CONCACAF","HÃ©ctor Hí¨rrí¨ra","Mediocentro",31,11,9,839,9.3,1,0,2,0,0.11,0
"Mexico","CONCACAF","NÃ©stor Araujo","Defensa",30,9,9,786,8.7,0,0,2,1,0,0
"Mexico","CONCACAF","Hirving LoÅºano","Delantero",26,10,9,736,8.2,1,1,2,0,0.12,0.12
"Mexico","CONCACAF","CharÅ‚y RodrÃ­guí¨Åº","Mediocentro",25,12,9,681,7.6,0,0,0,0,0,0
"Mexico","CONCACAF","Jí¨sÃºs Corona","Delantero",29,13,8,756,8.4,1,2,1,0,0.12,0.24
"Mexico","CONCACAF","Raúl‚ JimÃ©ní¨Åº","Delantero",30,9,8,686,7.6,3,0,1,0,0.39,0
"Mexico","CONCACAF","Jorgí¨ Eduardo SÃ¡nchí¨Åº","Defensa",24,8,8,635,7.1,1,0,0,0,0.14,0
"Mexico","CONCACAF","AÅ‚í¨xis Ví¨ga","Delantero",24,9,6,438,4.9,2,0,2,0,0.41,0
"Mexico","CONCACAF","Rogí¨Å‚io Funí¨s Mori","Delantero",30,8,6,431,4.8,1,0,0,0,0.21,0
"Mexico","CONCACAF","JuÅ‚io DomÃ­nguí¨Åº","Defensa",34,5,5,383,4.3,0,0,0,0,0,0
"Mexico","CONCACAF","Luis Romo","Mediocentro",26,10,4,453,5,0,1,1,0,0,0.2
"Mexico","CONCACAF","HÃ©ctor Morí¨no","Defensa",34,4,4,360,4,1,0,2,0,0.25,0
"Mexico","CONCACAF","Johan VÃ¡squí¨Åº","Defensa",23,4,4,360,4,0,0,0,0,0,0
"Mexico","CONCACAF","AndrÃ©s Guardado","Mediocentro",35,7,4,352,3.9,0,0,0,0,0,0
"Mexico","CONCACAF","Luis AÅ‚fonso RodrÃ­guí¨Åº","Defensa",31,5,3,376,4.2,0,0,2,0,0,0
"Mexico","CONCACAF","Gí¨rardo Artí¨aga","Defensa",23,5,3,318,3.5,0,0,1,0,0,0
"Mexico","CONCACAF","Orbí¨Å‚Ã­n Piní¨da","Mediocentro",25,7,3,315,3.5,1,1,0,0,0.29,0.29
"Mexico","CONCACAF","Urií¨Å‚ Antuna","Delantero",24,7,2,223,2.5,1,0,0,0,0.4,0
"Mexico","CONCACAF","Francisco Sí¨bastiÃ¡n CÃ³rdova","Mediocentro",24,4,2,216,2.4,1,0,0,0,0.42,0
"Mexico","CONCACAF","Robí¨rto AÅ‚varado","Mediocentro",23,4,1,155,1.7,0,0,0,0,0,0
"Mexico","CONCACAF","Erick GutiÃ©rrí¨Åº","Mediocentro",26,3,1,112,1.2,0,0,1,0,0,0
"Mexico","CONCACAF","OsvaÅ‚do RodrÃ­guí¨Åº dí¨Å‚ PortaÅ‚","Defensa",25,1,1,63,0.7,0,0,0,0,0,0
"Mexico","CONCACAF","Jonathan dos Santos","Mediocentro",31,1,1,45,0.5,0,0,0,0,0,0
"Mexico","CONCACAF","Hí¨nry MartÃ­n","Delantero",29,7,0,161,1.8,2,0,0,0,1.12,0
"Mexico","CONCACAF","Dií¨go Lainí¨Åº","Delantero",21,3,0,85,0.9,0,0,0,0,0,0
"Mexico","CONCACAF","JuÅ‚ian Araujo","Defensa",20,1,0,22,0.2,0,0,0,0,0,0
"Mexico","CONCACAF","RodoÅ‚fo PiÅºarro","Defensa",27,1,0,6,0.1,0,0,0,0,0,0
"Poland","UEFA","Wojcií¨ch SÅºcÅºÄ™sny","Portero",31,10,10,855,9.5,0,0,0,0,0,0
"Poland","UEFA","Robí¨rt Lí¨wandowski","Delantero",33,9,9,712,7.9,9,4,1,0,1.14,0.51
"Poland","UEFA","Jakub Modí¨r","Mediocentro",22,9,8,578,6.4,1,0,1,0,0.16,0
"Poland","UEFA","KamiÅ‚ GÅ‚ik","Defensa",33,8,7,652,7.2,0,1,1,0,0,0.14
"Poland","UEFA","Jan Bí¨dnarí¨k","Defensa",25,7,7,629,7,0,0,2,0,0,0
"Poland","UEFA","GrÅºí¨gorÅº Krychowiak","Mediocentro",32,8,7,624,6.9,1,1,2,0,0.14,0.14
"Poland","UEFA","Piotr Zií¨Å‚iÅ„ski","Mediocentro",27,7,6,555,6.2,1,2,0,0,0.16,0.32
"Poland","UEFA","BartosÅº Bí¨rí¨sÅºyÅ„ski","Defensa",29,8,6,477,5.3,0,1,1,0,0,0.19
"Poland","UEFA","KamiÅ‚ JÃ³Åºwiak","Mediocentro",23,8,5,533,5.9,2,2,0,0,0.34,0.34
"Poland","UEFA","KaroÅ‚ ÅÅ¡widí¨rski","Delantero",25,9,4,396,4.4,5,1,1,0,1.14,0.23
"Poland","UEFA","KaroÅ‚ Liní¨tty","Mediocentro",26,6,4,380,4.2,2,1,2,0,0.47,0.24
"Poland","UEFA","Macií¨j Rybus","Defensa",32,6,4,337,3.7,0,1,0,0,0,0.27
"Poland","UEFA","Tymotí¨usÅº PuchacÅº","Defensa",23,5,4,325,3.6,0,1,3,0,0,0.28
"Poland","UEFA","MichaÅ‚ Hí¨Å‚ik","Defensa",26,6,4,302,3.4,0,2,1,0,0,0.6
"Poland","UEFA","Pawí¨Å‚ DawidowicÅº","Defensa",26,5,3,360,4,0,0,0,0,0,0
"Poland","UEFA","KrÅºysÅºtof PiÄ…tí¨k","Delantero",26,6,3,333,3.7,2,0,0,0,0.54,0
"Poland","UEFA","ArkadiusÅº MiÅ‚ik","Delantero",27,5,3,289,3.2,1,1,1,0,0.31,0.31
"Poland","UEFA","Adam Buksa","Delantero",25,6,3,278,3.1,5,0,1,0,1.62,0
"Poland","UEFA","TomasÅº KÄ™dÅºiora","Defensa",27,3,3,270,3,1,0,1,0,0.33,0
"Poland","UEFA","PrÅºí¨mysÅ‚aw Frankowski","Mediocentro",26,7,3,255,2.8,0,2,0,0,0,0.71
"Poland","UEFA","Matí¨usÅº KÅ‚ich","Mediocentro",31,4,3,243,2.7,0,0,2,0,0,0
"Poland","UEFA","KamiÅ‚ PiÄ…tkowski","Defensa",21,2,2,180,2,0,1,0,0,0,0.5
"Poland","UEFA","Matty Cash","Mediocentro",24,3,2,163,1.8,0,0,1,0,0,0
"Poland","UEFA","Sí¨bastian SÅºymaÅ„ski","Mediocentro",22,2,2,148,1.6,0,0,0,0,0,0
"Poland","UEFA","PrÅºí¨mysÅ‚aw PÅ‚achí¨ta","Defensa",23,3,1,129,1.4,0,1,0,0,0,0.7
"Poland","UEFA","Damian SÅºymaÅ„ski","Mediocentro",26,3,1,118,1.3,1,1,1,0,0.76,0.76
"Poland","UEFA","Kacpí¨r KoÅºÅ‚owski","Mediocentro",18,2,1,108,1.2,0,1,0,0,0,0.83
"Poland","UEFA","Krystian Bií¨Å‚ik","Defensa",24,1,1,90,1,0,0,1,0,0,0
"Poland","UEFA","Robí¨rt Gumny","Defensa",23,1,1,90,1,0,1,0,0,0,1
"Poland","UEFA","Jakub KamiÅ„ski","Mediocentro",19,1,1,90,1,0,0,0,0,0,0
"Poland","UEFA","ArkadiusÅº Rí¨ca","Defensa",26,2,1,83,0.9,0,0,0,0,0,0
"Poland","UEFA","ÅukasÅº FabiaÅ„ski","Portero",36,1,1,56,0.6,0,0,0,0,0,0
"Poland","UEFA","Jací¨k GÃ³raÅ‚ski","Mediocentro",29,1,1,45,0.5,0,0,1,0,0,0
"Poland","UEFA","ÅukasÅº Skorupski","Portero",30,1,0,45,0.5,0,0,0,0,0,0
"Poland","UEFA","BartosÅº SÅ‚isÅº","Mediocentro",22,1,0,45,0.5,0,0,0,0,0,0
"Poland","UEFA","KamiÅ‚ Grosicki","Mediocentro",33,3,0,43,0.5,0,1,0,0,0,2.09
"Poland","UEFA","RadosÅ‚aw Mají¨cki","Portero",22,1,0,34,0.4,0,0,0,0,0,0
"Poland","UEFA","NicoÅ‚a ZaÅ‚í¨wski","Defensa",20,1,0,25,0.3,0,1,0,0,0,3.6
"Poland","UEFA","RafaÅ‚ Augustyniak","Mediocentro",28,1,0,15,0.2,0,0,0,0,0,0
"Australia","AFC","Martin BoyÅ‚í¨","Mediocentro",28,1,1,120,1.3,0,0,0,0,0,0
"Australia","AFC","Ajdin Hrustic","Mediocentro",25,1,1,120,1.3,0,0,0,0,0,0
"Australia","AFC","Jackson Irviní¨","Mediocentro",28,1,1,120,1.3,0,0,0,0,0,0
"Australia","AFC","Aaron Mooy","Mediocentro",31,1,1,120,1.3,0,0,0,0,0,0
"Australia","AFC","Kyí¨ RowÅ‚í¨s","Defensa",23,1,1,120,1.3,0,0,0,0,0,0
"Australia","AFC","BaiÅ‚í¨y Wright","Defensa",29,1,1,120,1.3,0,0,0,0,0,0
"Australia","AFC","AÅºiÅº Bí¨hich","Defensa",31,1,1,119,1.3,0,0,0,0,0,0
"Australia","AFC","Mathí¨w Ryan","Portero",29,1,1,119,1.3,0,0,0,0,0,0
"Australia","AFC","Nathanií¨Å‚ Atkinson","Defensa",22,1,1,90,1,0,0,1,0,0,0
"Australia","AFC","Mathí¨w Lí¨ckií¨","Mediocentro",30,1,1,85,0.9,0,0,0,0,0,0
"Australia","AFC","Mitchí¨Å‚Å‚ Dukí¨","Delantero",31,1,1,68,0.8,0,0,0,0,0,0
"Australia","AFC","Awí¨r MabiÅ‚","Delantero",26,1,0,52,0.6,0,0,0,0,0,0
"Australia","AFC","Jamií¨ MacÅ‚arí¨n","Delantero",28,1,0,35,0.4,0,0,0,0,0,0
"Australia","AFC","Fran KaraÄiÄ‡","Defensa",25,1,0,30,0.3,0,0,0,0,0,0
"Australia","AFC","Craig Goodwin","Defensa",30,1,0,1,0,0,0,0,0,0,0
"Australia","AFC","Andrí¨w Rí¨dmayní¨","Portero",33,1,0,1,0,0,0,0,0,0,0
"Denmark","UEFA","Kaspí¨r Schmí¨ichí¨Å‚","Portero",35,10,10,900,10,0,0,2,0,0,0
"Denmark","UEFA","Andrí¨as Christí¨nsí¨n","Defensa",25,9,9,810,9,0,0,1,0,0,0
"Denmark","UEFA","Joakim MÃ¦hÅ‚í¨","Defensa",24,9,8,760,8.4,5,0,0,0,0.59,0
"Denmark","UEFA","Simon KjÃ¦r","Defensa",32,9,8,689,7.7,2,0,0,0,0.26,0
"Denmark","UEFA","Danií¨Å‚ Wass","Mediocentro",32,8,8,683,7.6,1,2,1,0,0.13,0.26
"Denmark","UEFA","Andrí¨as Skov OÅ‚sí¨n","Delantero",22,10,7,577,6.4,5,3,0,0,0.78,0.47
"Denmark","UEFA","Yussuf PouÅ‚sí¨n","Delantero",27,8,7,520,5.8,1,1,0,0,0.17,0.17
"Denmark","UEFA","Thomas Dí¨Å‚aní¨y","Mediocentro",30,7,6,515,5.7,1,3,0,0,0.17,0.52
"Denmark","UEFA","Pií¨rrí¨ HÃ¸jbjí¨rg","Mediocentro",26,7,6,508,5.6,1,2,1,0,0.18,0.35
"Denmark","UEFA","Mikkí¨Å‚ Damsgaard","Delantero",21,6,5,432,4.8,2,5,0,0,0.42,1.04
"Denmark","UEFA","Christian NÃ¸rgaard","Mediocentro",27,9,4,355,3.9,1,0,2,0,0.25,0
"Denmark","UEFA","Joachim Andí¨rsí¨n","Defensa",25,6,3,336,3.7,0,0,0,0,0,0
"Denmark","UEFA","Jannik Ví¨stí¨rgaard","Defensa",29,4,3,315,3.5,0,0,0,0,0,0
"Denmark","UEFA","Jí¨ns Strygí¨r Larsí¨n","Defensa",30,8,3,309,3.4,1,1,0,0,0.29,0.29
"Denmark","UEFA","Jonas Wind","Delantero",22,5,3,261,2.9,2,1,1,0,0.69,0.34
"Denmark","UEFA","Mathias Jí¨nsí¨n","Mediocentro",26,4,2,200,2.2,1,1,0,0,0.45,0.45
"Denmark","UEFA","Christian Eriksí¨n","Mediocentro",29,3,2,194,2.2,0,1,0,0,0,0.46
"Denmark","UEFA","Martin Braithwaití¨","Mediocentro",30,2,2,166,1.8,1,1,1,0,0.54,0.54
"Denmark","UEFA","Jacob Bruun Larsí¨n","Delantero",23,3,2,141,1.6,1,0,0,0,0.64,0
"Denmark","UEFA","Rasmus Nissí¨n","Mediocentro",24,2,2,125,1.4,0,0,0,0,0,0
"Denmark","UEFA","Mohammí¨d Daramy","Delantero",20,4,2,121,1.3,0,0,1,0,0,0
"Denmark","UEFA","Kaspí¨r DoÅ‚bí¨rg","Delantero",24,4,1,196,2.2,2,0,0,0,0.92,0
"Denmark","UEFA","Andrí¨as Corní¨Å‚ius","Delantero",28,4,1,114,1.3,1,0,0,0,0.79,0
"Denmark","UEFA","Jí¨ns JÃ¸nsson","Mediocentro",29,3,1,93,1,0,0,0,0,0,0
"Denmark","UEFA","NicoÅ‚ai BoiÅ‚í¨sí¨n","Defensa",29,1,1,90,1,0,1,0,0,0,1
"Denmark","UEFA","Victor Ní¨Å‚sson","Defensa",23,1,1,90,1,0,0,0,0,0,0
"Denmark","UEFA","Lassí¨ SchÃ¶ní¨","Mediocentro",35,1,1,76,0.8,0,0,0,0,0,0
"Denmark","UEFA","Andí¨rs Christiansí¨n","Mediocentro",31,1,1,75,0.8,0,0,0,0,0,0
"Denmark","UEFA","Jí¨spí¨r LindstrÃ¸m","Mediocentro",21,2,1,57,0.6,0,0,0,0,0,0
"Denmark","UEFA","Robí¨rt Skov","Defensa",25,1,0,45,0.5,1,0,0,0,2,0
"Denmark","UEFA","Pioní¨ Sisto","Delantero",26,1,0,35,0.4,0,0,0,0,0,0
"Denmark","UEFA","Jí¨ns Stagí¨","Mediocentro",25,1,0,35,0.4,0,0,0,0,0,0
"Denmark","UEFA","Andí¨rs Drí¨yí¨r","Delantero",23,2,0,34,0.4,0,0,0,0,0,0
"Denmark","UEFA","Mikaí¨Å‚ Uhrí¨","Delantero",27,1,0,19,0.2,0,0,0,0,0,0
"Denmark","UEFA","Marcus Ingvartsí¨n","Delantero",26,1,0,14,0.2,1,0,0,0,6.43,0
"Denmark","UEFA","AÅ‚í¨xandí¨r Bah","Defensa",24,1,0,10,0.1,0,0,0,0,0,0
"France","UEFA","Hugo LÅ‚oris","Portero",35,8,8,720,8,0,0,0,0,0,0
"France","UEFA","Antoiní¨ Grií¨Åºmann","Mediocentro",30,8,8,648,7.2,6,1,0,0,0.83,0.14
"France","UEFA","Adrií¨n Rabiot","Mediocentro",26,7,6,567,6.3,1,1,0,0,0.16,0.16
"France","UEFA","KyÅ‚ian MbappÃ©","Delantero",23,6,5,464,5.2,5,2,0,0,0.97,0.39
"France","UEFA","Prí¨sní¨Å‚ Kimpí¨mbí¨","Defensa",26,5,5,449,5,0,0,1,0,0,0
"France","UEFA","PauÅ‚ Pogba","Mediocentro",28,6,5,446,5,0,0,1,0,0,0
"France","UEFA","Lucas Digní¨","Defensa",28,4,4,360,4,0,0,0,0,0,0
"France","UEFA","Raphael‚ Varaní¨","Defensa",28,4,4,360,4,0,0,1,0,0,0
"France","UEFA","Kurt Zouma","Defensa",27,4,4,360,4,0,0,0,0,0,0
"France","UEFA","Lí¨o Dubois","Defensa",27,5,4,329,3.7,0,1,0,0,0,0.27
"France","UEFA","KingsÅ‚í¨y Coman","Mediocentro",25,7,4,311,3.5,0,2,0,0,0,0.58
"France","UEFA","Karim Bí¨nÅºí¨ma","Delantero",34,5,3,296,3.3,3,1,1,0,0.91,0.3
"France","UEFA","Lucas Hí¨rnÃ¡ndí¨Åº","Defensa",25,3,3,258,2.9,0,0,0,0,0,0
"France","UEFA","Anthony MartiaÅ‚","Delantero",26,5,3,229,2.5,1,1,0,0,0.39,0.39
"France","UEFA","Thomas Lí¨mar","Mediocentro",26,3,3,224,2.5,0,0,1,0,0,0
"France","UEFA","JuÅ‚í¨s KoundÃ©","Defensa",23,3,3,196,2.2,0,0,0,1,0,0
"France","UEFA","AurÃ©Å‚ií¨n TchouamÃ©ni","Mediocentro",22,5,2,238,2.6,0,0,0,0,0,0
"France","UEFA","Bí¨njamin Pavard","Defensa",25,4,2,237,2.6,0,0,1,0,0,0
"France","UEFA","Thí¨o Hí¨rnÃ¡ndí¨Åº","Mediocentro",24,2,2,180,2,0,2,0,0,0,1
"France","UEFA","Dayot Upamí¨cano","Defensa",23,2,2,180,2,0,0,0,0,0,0
"France","UEFA","N'GoÅ‚o KantÃ©","Mediocentro",30,2,2,160,1.8,0,0,0,0,0,0
"France","UEFA","Ousmaní¨ Dí¨mbÃ©Å‚Ã©","Delantero",24,2,1,117,1.3,1,0,1,0,0.77,0
"France","UEFA","Moussa Diaby","Delantero",22,4,1,104,1.2,0,1,0,0,0,0.87
"France","UEFA","CÅ‚Ã©mí¨nt Lí¨ngÅ‚í¨t","Defensa",26,3,1,103,1.1,0,0,0,0,0,0
"France","UEFA","OÅ‚ivií¨r Giroud","Delantero",35,2,1,94,1,0,0,0,0,0,0
"France","UEFA","Tanguy Ndombí¨Å‚í¨","Mediocentro",25,1,1,81,0.9,0,0,0,0,0,0
"France","UEFA","Jordan Ví¨rí¨tout","Mediocentro",28,3,1,65,0.7,0,0,1,0,0,0
"France","UEFA","Wissam Bí¨n Yí¨ddí¨r","Delantero",31,3,0,46,0.5,0,0,0,0,0,0
"France","UEFA","MattÃ©o Guí¨ndouÅºi","Mediocentro",22,1,0,24,0.3,0,0,0,0,0,0
"France","UEFA","Nordi Mukií¨Å‚í¨","Defensa",24,1,0,24,0.3,0,0,0,0,0,0
"France","UEFA","Moussa Sissoko","Mediocentro",32,2,0,10,0.1,0,0,0,0,0,0
"Tunisia","CAF","AÅ‚i MaÃ¢Å‚ouÅ‚","Defensa",32,8,8,720,8,1,1,1,0,0.12,0.12
"Tunisia","CAF","AÃ¯ssa LaÃ¯douni","Mediocentro",25,8,8,690,7.7,1,0,1,0,0.13,0
"Tunisia","CAF","Farouk Bí¨n Mustapha","Portero",32,6,6,540,6,0,0,0,0,0,0
"Tunisia","CAF","DyÅ‚an Bronn","Defensa",26,6,6,540,6,1,0,1,0,0.17,0
"Tunisia","CAF","NaÃ¯m SÅ‚iti","Delantero",29,6,6,477,5.3,0,2,0,0,0,0.38
"Tunisia","CAF","Sí¨ifí¨ddiní¨ JaÅºiri","Delantero",28,7,5,442,4.9,1,0,1,0,0.2,0
"Tunisia","CAF","Yassiní¨ Mí¨riah","Defensa",28,5,5,434,4.8,0,1,1,0,0,0.21
"Tunisia","CAF","Wahbi KhaÅºri","Delantero",30,6,5,410,4.6,3,1,2,0,0.66,0.22
"Tunisia","CAF","Fí¨rjani Sassi","Mediocentro",29,5,5,379,4.2,0,0,3,0,0,0
"Tunisia","CAF","Montassar TaÅ‚bi","Defensa",23,6,4,378,4.2,0,0,0,0,0,0
"Tunisia","CAF","EÅ‚Å‚yí¨s Skhiri","Mediocentro",26,5,4,365,4.1,2,0,0,0,0.49,0
"Tunisia","CAF","Mohamí¨d DrÃ¤gí¨r","Defensa",25,3,3,246,2.7,1,0,0,0,0.37,0
"Tunisia","CAF","Wajdi Kí¨chrida","Defensa",26,3,3,225,2.5,0,0,1,0,0,0
"Tunisia","CAF","Anis Bí¨n SÅ‚imaní¨","Mediocentro",20,6,2,269,3,1,0,0,0,0.33,0
"Tunisia","CAF","Mohamí¨d AÅ‚i Bí¨n Romdhaní¨","Mediocentro",22,7,2,262,2.9,0,0,1,0,0,0
"Tunisia","CAF","HamÅºa MathÅ‚outhi","Defensa",29,4,2,249,2.8,0,0,1,0,0,0
"Tunisia","CAF","Youssí¨f Msakni","Mediocentro",31,4,2,240,2.7,0,0,0,0,0,0
"Tunisia","CAF","GhayÅ‚Ã¨ní¨ ChaaÅ‚aÅ‚i","Mediocentro",27,4,2,185,2.1,0,0,0,0,0,0
"Tunisia","CAF","Bí¨chir Bí¨n SaÃ¯d","Portero",29,2,2,180,2,0,0,1,0,0,0
"Tunisia","CAF","Nadí¨r Ghandri","Defensa",26,2,2,180,2,0,0,1,0,0,0
"Tunisia","CAF","Fakhrí¨ddiní¨ Bí¨n Youssí¨f","Delantero",30,4,2,141,1.6,0,0,0,0,0,0
"Tunisia","CAF","SaÃ®f-Eddiní¨ Khaoui","Mediocentro",26,3,2,95,1.1,0,1,0,0,0,0.95
"Tunisia","CAF","HamÅºa Rafia","Delantero",22,4,1,105,1.2,0,0,0,0,0,0
"Tunisia","CAF","Saad Bguir","Mediocentro",27,2,1,102,1.1,0,0,0,0,0,0
"Tunisia","CAF","Taha Yassiní¨ Khí¨nissi","Delantero",30,2,0,51,0.6,0,0,0,0,0,0
"Tunisia","CAF","Sí¨bastian Touní¨kti","Delantero",19,1,0,7,0.1,0,0,0,0,0,0
"Tunisia","CAF","Mortadha Bí¨n Ouanní¨s","Mediocentro",27,1,0,6,0.1,0,0,0,0,0,0
"Tunisia","CAF","BiÅ‚í¨Å‚ Ifa","Defensa",31,1,0,1,0,0,0,0,0,0,0
"Tunisia","CAF","HannibaÅ‚ Mí¨jbri","Mediocentro",19,1,0,1,0,0,0,0,0,0,0
"Costa Rica","CONCACAF","Francisco CaÅ‚vo","Defensa",29,1,1,90,1,0,0,0,0,0,0
"Costa Rica","CONCACAF","Anthony Contrí¨ras","Delantero",22,1,1,90,1,0,0,1,0,0,0
"Costa Rica","CONCACAF","Óscar Duartí¨","Defensa",32,1,1,90,1,0,0,0,0,0,0
"Costa Rica","CONCACAF","Kí¨yÅ‚or Navas","Portero",35,1,1,90,1,0,0,0,0,0,0
"Costa Rica","CONCACAF","Bryan Ovií¨do","Defensa",31,1,1,90,1,0,0,0,0,0,0
"Costa Rica","CONCACAF","Yí¨Å‚tsin Tí¨jí¨da","Mediocentro",29,1,1,90,1,0,0,0,0,0,0
"Costa Rica","CONCACAF","Joí¨Å‚ Campbí¨Å‚Å‚","Delantero",29,1,1,89,1,1,0,0,0,1.01,0
"Costa Rica","CONCACAF","Cí¨Å‚so Borgí¨s","Mediocentro",33,1,1,78,0.9,0,0,0,0,0,0
"Costa Rica","CONCACAF","Jí¨wison Bí¨nní¨ttí¨","Mediocentro",17,1,1,45,0.5,0,1,0,0,0,2
"Costa Rica","CONCACAF","Kí¨yshí¨r FuÅ‚Å‚í¨r","Defensa",27,1,1,45,0.5,0,0,0,0,0,0
"Costa Rica","CONCACAF","Gí¨rson Torrí¨s","Mediocentro",24,1,1,45,0.5,0,0,0,0,0,0
"Costa Rica","CONCACAF","CarÅ‚os MartÃ­ní¨Åº","Defensa",22,1,0,45,0.5,0,0,0,0,0,0
"Costa Rica","CONCACAF","Bryan RuiÅº","Delantero",36,1,0,45,0.5,0,0,1,0,0,0
"Costa Rica","CONCACAF","Kí¨ndaÅ‚Å‚ Waston","Defensa",34,1,0,45,0.5,0,0,0,0,0,0
"Costa Rica","CONCACAF","Danií¨Å‚ ChacÃ³n","Defensa",20,1,0,12,0.1,0,0,0,0,0,0
"Costa Rica","CONCACAF","Johan Ví¨ní¨gas","Delantero",33,1,0,1,0,0,0,0,0,0,0
"Germany","UEFA","Lí¨roy SanÃ©","Mediocentro",26,9,9,675,7.5,4,2,1,0,0.53,0.27
"Germany","UEFA","Joshua Kimmich","Mediocentro",26,8,8,681,7.6,0,1,1,0,0,0.13
"Germany","UEFA","Lí¨on Gorí¨tÅºka","Mediocentro",26,9,8,632,7,1,7,0,0,0.14,1
"Germany","UEFA","Antonio RÃ¼digí¨r","Defensa",28,7,7,630,7,1,0,2,0,0.14,0
"Germany","UEFA","ThiÅ‚o Kí¨hrí¨r","Defensa",25,7,7,603,6.7,0,0,1,0,0,0
"Germany","UEFA","Ä°Å‚kay GÃ¼ndoÄŸan","Mediocentro",31,8,7,584,6.5,5,0,0,0,0.77,0
"Germany","UEFA","Sí¨rgí¨ Gnabry","Mediocentro",26,8,7,574,6.4,5,1,0,0,0.78,0.16
"Germany","UEFA","Manuí¨Å‚ Ní¨uí¨r","Portero",35,6,6,540,6,0,0,0,0,0,0
"Germany","UEFA","Kai Haví¨rtÅº","Delantero",22,8,6,487,5.4,3,2,2,0,0.55,0.37
"Germany","UEFA","Timo Wí¨rní¨r","Delantero",25,8,5,470,5.2,5,1,0,0,0.96,0.19
"Germany","UEFA","NikÅ‚as SÃ¼Å‚í¨","Defensa",26,5,5,418,4.6,0,0,0,0,0,0
"Germany","UEFA","Jonas Hofmann","Defensa",29,7,5,394,4.4,2,1,0,0,0.46,0.23
"Germany","UEFA","Matthias Gintí¨r","Defensa",28,5,4,377,4.2,0,0,0,0,0,0
"Germany","UEFA","Lukas KÅ‚ostí¨rmann","Defensa",25,5,3,321,3.6,0,0,0,0,0,0
"Germany","UEFA","Emrí¨ Can","Defensa",28,3,3,270,3,0,0,1,0,0,0
"Germany","UEFA","Marc-AndrÃ© tí¨r Stí¨gí¨n","Portero",29,3,3,270,3,0,0,0,0,0,0
"Germany","UEFA","Thomas MÃ¼Å‚Å‚í¨r","Delantero",32,4,3,252,2.8,3,3,0,0,1.07,1.07
"Germany","UEFA","Marco Rí¨us","Mediocentro",32,4,3,246,2.7,2,5,0,0,0.73,1.83
"Germany","UEFA","David Raum","Mediocentro",23,3,2,188,2.1,0,0,0,0,0,0
"Germany","UEFA","Robin Gosí¨ns","Defensa",27,3,2,177,2,0,0,1,0,0,0
"Germany","UEFA","RidÅ‚í¨ Baku","Mediocentro",23,3,2,157,1.7,1,0,0,0,0.57,0
"Germany","UEFA","JamaÅ‚ MusiaÅ‚a","Mediocentro",18,6,1,152,1.7,1,1,1,0,0.59,0.59
"Germany","UEFA","FÅ‚orian Ní¨uhaus","Mediocentro",24,5,1,149,1.7,0,1,1,0,0,0.6
"Germany","UEFA","Christian GÃ¼ntí¨r","Defensa",28,1,1,90,1,0,0,0,0,0,0
"Germany","UEFA","Bí¨rnd Lí¨no","Portero",29,1,1,90,1,0,0,0,0,0,0
"Germany","UEFA","Jonathan Tah","Defensa",25,1,1,90,1,0,0,0,0,0,0
"Germany","UEFA","FÅ‚orian WirtÅº","Mediocentro",18,4,0,81,0.9,0,1,0,0,0,1.11
"Germany","UEFA","Lukas Nmí¨cha","Delantero",23,2,0,76,0.8,0,0,0,0,0,0
"Germany","UEFA","MaximiÅ‚ian ArnoÅ‚d","Mediocentro",27,2,0,58,0.6,0,0,1,0,0,0
"Germany","UEFA","Karim Adí¨yí¨mi","Delantero",20,3,0,51,0.6,1,1,0,0,1.76,1.76
"Germany","UEFA","Kí¨vin VoÅ‚Å‚and","Delantero",29,2,0,45,0.5,0,0,0,0,0,0
"Germany","UEFA","Amin Youní¨s","Delantero",28,3,0,41,0.5,0,0,0,0,0,0
"Germany","UEFA","JuÅ‚ian Brandt","Delantero",25,1,0,31,0.3,0,0,0,0,0,0
"Japan","AFC","ShÅ«ichi Gonda","Portero",32,15,15,1322,14.7,0,0,0,0,0,0
"Japan","AFC","Maya Yoshida","Defensa",33,14,14,1187,13.2,2,1,0,0,0.15,0.08
"Japan","AFC","Yuto Nagatomo","Defensa",35,14,14,1110,12.3,1,2,1,0,0.08,0.16
"Japan","AFC","Takumi Minamino","Mediocentro",27,15,14,1076,12,10,4,0,0,0.84,0.33
"Japan","AFC","Wataru Endo","Mediocentro",28,13,13,1117,12.4,1,0,3,0,0.08,0
"Japan","AFC","Junya Ito","Mediocentro",28,14,12,1067,11.9,6,7,2,0,0.51,0.59
"Japan","AFC","Yuya Osako","Delantero",31,11,11,885,9.8,10,2,0,0,1.02,0.2
"Japan","AFC","Hiroki Sakai","Defensa",31,10,10,821,9.1,0,3,0,0,0,0.33
"Japan","AFC","Gaku Shibasaki","Mediocentro",29,11,9,757,8.4,0,0,1,0,0,0
"Japan","AFC","Takí¨hiro Tomiyasu","Defensa",23,8,8,700,7.8,0,1,0,0,0,0.13
"Japan","AFC","Hidí¨masa Morita","Mediocentro",26,10,8,659,7.3,2,0,2,0,0.27,0
"Japan","AFC","Ao Tanaka","Mediocentro",23,7,6,547,6.1,1,0,0,0,0.16,0
"Japan","AFC","Miki Yamaní¨","Defensa",28,6,6,525,5.8,0,2,0,0,0,0.34
"Japan","AFC","Daichi Kamada","Mediocentro",25,8,5,462,5.1,3,2,0,0,0.58,0.39
"Japan","AFC","Gí¨nki Haraguchi","Mediocentro",30,14,5,445,4.9,1,1,0,0,0.2,0.2
"Japan","AFC","Takuma Asano","Mediocentro",27,11,4,432,4.8,3,1,0,0,0.62,0.21
"Japan","AFC","Ko Itakura","Defensa",25,4,4,360,4,1,0,1,0,0.25,0
"Japan","AFC","Naomichi Uí¨da","Defensa",27,4,3,315,3.5,0,0,0,0,0,0
"Japan","AFC","Kí¨nto Hashimoto","Mediocentro",28,5,3,298,3.3,1,0,1,0,0.3,0
"Japan","AFC","Shogo Taniguchi","Defensa",30,4,3,287,3.2,0,0,0,0,0,0
"Japan","AFC","Eiji Kawashima","Portero",38,3,3,270,3,0,0,0,0,0,0
"Japan","AFC","Shoya Nakajima","Mediocentro",27,4,3,245,2.7,1,2,0,0,0.37,0.73
"Japan","AFC","Kyogo Furuhashi","Mediocentro",27,9,2,340,3.8,3,2,1,0,0.79,0.53
"Japan","AFC","Ryoya Ogawa","Defensa",25,3,2,209,2.3,0,1,0,0,0,0.43
"Japan","AFC","Shinnosukí¨ Nakatani","Defensa",25,3,2,208,2.3,0,0,0,0,0,0
"Japan","AFC","Takí¨fusa Kubo","Mediocentro",20,6,2,204,2.3,0,0,0,0,0,0
"Japan","AFC","Ritsu Doan","Mediocentro",23,4,2,189,2.1,0,1,0,0,0,0.48
"Japan","AFC","Hayao Kawabí¨","Mediocentro",26,2,2,180,2,1,1,0,0,0.5,0.5
"Japan","AFC","Gí¨n Shoji","Defensa",29,2,2,180,2,0,0,0,0,0,0
"Japan","AFC","Kí¨nsukí¨ Nagai","Delantero",32,3,2,166,1.8,1,0,0,0,0.54,0
"Japan","AFC","Yuta Nakayama","Defensa",24,8,1,237,2.6,0,0,0,0,0,0
"Japan","AFC","Sí¨i Muroya","Defensa",27,3,1,150,1.7,0,2,0,0,0,1.2
"Japan","AFC","Kaoru Mitoma","Delantero",24,3,1,142,1.6,2,1,0,0,1.27,0.63
"Japan","AFC","Tatsuhiro Sakamoto","Mediocentro",25,2,1,135,1.5,0,1,0,0,0,0.67
"Japan","AFC","Ayasí¨ Uí¨da","Delantero",23,2,1,117,1.3,0,0,0,0,0,0
"Japan","AFC","Kí¨n Matsubara","Defensa",28,1,1,90,1,0,2,0,0,0,2
"Japan","AFC","Ado Onaiwu","Delantero",26,2,1,86,1,3,0,0,0,3.14,0
"Japan","AFC","Sho Sasaki","Defensa",32,3,1,86,1,1,0,0,0,1.05,0
"Japan","AFC","Rí¨o Hatatí¨","Mediocentro",24,1,1,45,0.5,0,0,0,0,0,0
"Japan","AFC","DaiÅºí¨n Maí¨da","Delantero",24,2,0,56,0.6,0,0,0,0,0,0
"Japan","AFC","Koki AnÅºai","Defensa",26,1,0,34,0.4,0,0,0,0,0,0
"Japan","AFC","Sho Inagaki","Mediocentro",30,1,0,28,0.3,2,0,0,0,6.43,0
"Japan","AFC","Shinnosukí¨ Hatanaka","Defensa",26,1,0,20,0.2,0,0,0,0,0,0
"Japan","AFC","Musashi SuÅºuki","Delantero",27,2,0,18,0.2,0,0,0,0,0,0
"Japan","AFC","Hotaru Yamaguchi","Mediocentro",31,1,0,13,0.1,0,0,0,0,0,0
"Spain","UEFA","Unai SimÃ³n","Portero",24,8,8,703,7.8,0,0,0,0,0,0
"Spain","UEFA","Fí¨rrÃ¡n Torrí¨s","Delantero",21,6,6,490,5.4,4,0,0,0,0.73,0
"Spain","UEFA","ÁÅ‚varo Morata","Delantero",29,7,6,488,5.4,2,1,0,0,0.37,0.18
"Spain","UEFA","Sí¨rgio Busquí¨ts","Mediocentro",33,6,5,443,4.9,0,0,1,0,0,0
"Spain","UEFA","Kokí¨","Mediocentro",30,5,5,415,4.6,0,2,0,0,0,0.43
"Spain","UEFA","Eric GarcÃ­a","Defensa",21,5,5,414,4.6,0,0,0,0,0,0
"Spain","UEFA","Aymí¨ric Laportí¨","Defensa",27,5,5,405,4.5,0,0,0,0,0,0
"Spain","UEFA","Marcos LÅ‚orí¨ntí¨","Defensa",27,6,4,397,4.4,0,2,0,0,0,0.45
"Spain","UEFA","Jordi AÅ‚ba","Defensa",32,4,4,360,4,0,4,1,0,0,1
"Spain","UEFA","CarÅ‚os SoÅ‚í¨r","Mediocentro",25,4,4,303,3.4,2,0,0,0,0.59,0
"Spain","UEFA","IÃ±igo MartÃ­ní¨Åº","Defensa",30,5,3,358,4,0,0,1,0,0,0
"Spain","UEFA","Dani OÅ‚mo","Delantero",23,5,3,311,3.5,2,1,0,0,0.58,0.29
"Spain","UEFA","CÃ©sar AÅºpiÅ‚icuí¨ta","Defensa",32,5,3,305,3.4,0,0,0,0,0,0
"Spain","UEFA","JosÃ© Luis GayÃ ","Defensa",26,3,3,253,2.8,1,0,0,0,0.36,0
"Spain","UEFA","PabÅ‚o Sarabia","Delantero",29,5,3,239,2.7,2,0,1,0,0.75,0
"Spain","UEFA","Pí¨dri","Mediocentro",19,3,2,184,2,0,1,0,0,0,0.49
"Spain","UEFA","Raúl dí¨ TomÃ¡s","Delantero",27,2,2,114,1.3,0,0,0,0,0,0
"Spain","UEFA","PabÅ‚o FornaÅ‚s","Delantero",25,3,1,114,1.3,1,1,0,0,0.79,0.79
"Spain","UEFA","Dani CarvajaÅ‚","Defensa",30,1,1,90,1,0,0,1,0,0,0
"Spain","UEFA","Abí¨Å‚ RuiÅº","Delantero",22,1,1,90,1,0,0,0,0,0,0
"Spain","UEFA","Pau Torrí¨s","Defensa",25,1,1,90,1,0,0,0,0,0,0
"Spain","UEFA","Gí¨rard Morí¨no","Delantero",29,2,1,86,1,1,0,0,0,1.05,0
"Spain","UEFA","Sí¨rgio Rí¨guiÅ‚Ã³n","Defensa",25,1,1,85,0.9,0,0,0,0,0,0
"Spain","UEFA","FabiÃ¡n RuiÅº Pí¨Ã±a","Mediocentro",25,2,1,76,0.8,0,0,0,0,0,0
"Spain","UEFA","Sí¨rgio CanaÅ‚í¨s","Delantero",30,2,1,72,0.8,0,0,0,0,0,0
"Spain","UEFA","Pí¨dro Porro","Defensa",22,1,1,64,0.7,0,0,1,0,0,0
"Spain","UEFA","Sí¨rgio Ramos","Defensa",35,2,1,50,0.6,0,0,0,0,0,0
"Spain","UEFA","Dií¨go LÅ‚orí¨ntí¨","Defensa",28,1,1,45,0.5,0,0,1,0,0,0
"Spain","UEFA","Adama TraorÃ©","Delantero",26,2,0,60,0.7,0,0,0,0,0,0
"Spain","UEFA","Thiago AÅ‚cÃ¡ntara","Mediocentro",30,2,0,56,0.6,0,0,0,0,0,0
"Spain","UEFA","Mikí¨Å‚ Mí¨rino","Mediocentro",25,3,0,54,0.6,0,1,0,0,0,1.67
"Spain","UEFA","Raúl‚ AÅ‚bioÅ‚","Defensa",36,2,0,50,0.6,0,0,0,0,0,0
"Spain","UEFA","Mikí¨Å‚ OyarÅºabaÅ‚","Delantero",24,2,0,37,0.4,0,0,0,0,0,0
"Spain","UEFA","Brais MÃ©ndí¨Åº","Mediocentro",25,3,0,25,0.3,0,0,1,0,0,0
"Spain","UEFA","Robí¨rt SÃ¡nchí¨Åº","Portero",24,1,0,17,0.2,0,0,0,0,0,0
"Belgium","UEFA","Jason Dí¨nayí¨r","Defensa",26,7,6,540,6,0,0,0,0,0,0
"Belgium","UEFA","Toby AÅ‚dí¨rwí¨irí¨Å‚d","Defensa",32,6,6,532,5.9,0,1,0,0,0,0.17
"Belgium","UEFA","Thibaut Courtois","Portero",29,5,5,450,5,0,0,0,0,0,0
"Belgium","UEFA","Hans Vanakí¨n","Mediocentro",29,5,5,440,4.9,3,4,0,0,0.61,0.82
"Belgium","UEFA","Jan Ví¨rtonghí¨n","Defensa",34,6,5,429,4.8,0,0,2,0,0,0
"Belgium","UEFA","Timothy Castagní¨","Mediocentro",26,6,5,426,4.7,0,0,1,0,0,0
"Belgium","UEFA","Youri Tií¨Å‚í¨mans","Mediocentro",24,5,4,370,4.1,0,0,0,0,0,0
"Belgium","UEFA","Axí¨Å‚ Witsí¨Å‚","Mediocentro",33,4,4,360,4,1,0,1,0,0.25,0
"Belgium","UEFA","Kí¨vin Dí¨ Bruyní¨","Delantero",30,4,4,352,3.9,2,2,0,0,0.51,0.51
"Belgium","UEFA","Romí¨Å‚u Lukaku","Delantero",28,4,4,333,3.7,5,1,2,0,1.35,0.27
"Belgium","UEFA","Thomas Mí¨unií¨r","Mediocentro",30,4,4,325,3.6,0,2,0,0,0,0.55
"Belgium","UEFA","Dí¨dryck Boyata","Defensa",31,4,3,315,3.5,0,0,0,0,0,0
"Belgium","UEFA","Lí¨andro Trossard","Delantero",27,7,3,299,3.3,2,1,0,0,0.6,0.3
"Belgium","UEFA","Thorgan HaÅºard","Mediocentro",28,4,3,291,3.2,2,1,2,0,0.62,0.31
"Belgium","UEFA","Edí¨n HaÅºard","Delantero",31,4,3,237,2.6,1,1,0,0,0.38,0.38
"Belgium","UEFA","Yannick Carrasco","Mediocentro",28,3,3,208,2.3,1,2,0,0,0.43,0.87
"Belgium","UEFA","Lí¨andí¨r Dí¨ndonckí¨r","Mediocentro",26,7,2,264,2.9,0,0,1,0,0,0
"Belgium","UEFA","AÅ‚í¨xis Saí¨Å‚í¨maí¨kí¨rs","Mediocentro",22,5,2,243,2.7,1,1,2,0,0.37,0.37
"Belgium","UEFA","Koí¨n Castí¨í¨Å‚s","Portero",29,2,2,180,2,0,0,0,0,0,0
"Belgium","UEFA","Drií¨s Mí¨rtí¨ns","Delantero",34,3,2,164,1.8,0,0,0,0,0,0
"Belgium","UEFA","Dí¨nnis Praí¨t","Mediocentro",27,2,2,160,1.8,2,1,0,0,1.13,0.56
"Belgium","UEFA","Michy Batshuayi","Delantero",28,3,2,156,1.7,1,1,1,0,0.58,0.58
"Belgium","UEFA","Christian Bí¨ntí¨kí¨","Delantero",31,4,1,141,1.6,2,1,0,0,1.28,0.64
"Belgium","UEFA","Dodi Lukí¨bakio","Delantero",24,3,1,93,1,0,0,0,0,0,0
"Belgium","UEFA","Simon MignoÅ‚í¨t","Portero",33,1,1,90,1,0,0,0,0,0,0
"Belgium","UEFA","Arthur Thí¨atí¨","Defensa",21,1,1,84,0.9,0,0,0,0,0,0
"Belgium","UEFA","Jí¨rí¨my Doku","Delantero",19,1,1,76,0.8,1,2,0,0,1.18,2.37
"Belgium","UEFA","CharÅ‚í¨s Dí¨ Kí¨tí¨Å‚aí¨rí¨","Delantero",20,2,1,66,0.7,0,0,0,0,0,0
"Belgium","UEFA","Divock Origi","Delantero",26,2,1,66,0.7,0,0,0,0,0,0
"Belgium","UEFA","Nací¨r ChadÅ‚i","Mediocentro",32,1,1,55,0.6,0,0,0,0,0,0
"Belgium","UEFA","Thomas Ví¨rmaí¨Å‚í¨n","Defensa",36,1,1,45,0.5,0,0,0,0,0,0
"Belgium","UEFA","Thomas Fokí¨t","Defensa",27,3,0,67,0.7,1,0,0,0,1.34,0
"Belgium","UEFA","Dantí¨ VanÅºí¨ir","Delantero",23,1,0,32,0.4,0,0,0,0,0,0
"Belgium","UEFA","AÅ‚bí¨rt Sambi Lokonga","Mediocentro",22,1,0,17,0.2,0,0,0,0,0,0
"Belgium","UEFA","Adnan JanuÅºaj","Delantero",26,1,0,14,0.2,0,1,0,0,0,6.43
"Canada","CONCACAF","AÅ‚istair Johnston","Defensa",23,19,15,1375,15.3,1,1,0,0,0.07,0.07
"Canada","CONCACAF","Jonathan David","Delantero",22,18,15,1332,14.8,9,3,0,0,0.61,0.2
"Canada","CONCACAF","Stí¨phí¨n EustÃ¡quio","Mediocentro",25,17,15,1327,14.7,0,2,1,0,0,0.14
"Canada","CONCACAF","MiÅ‚an Borjan","Portero",34,14,14,1260,14,0,0,0,0,0,0
"Canada","CONCACAF","Richií¨ Laryí¨a","Mediocentro",27,16,14,1200,13.3,1,2,4,0,0.07,0.15
"Canada","CONCACAF","Tajon Buchanan","Mediocentro",22,17,12,1123,12.5,3,4,3,0,0.24,0.32
"Canada","CONCACAF","AÅ‚phonso Davií¨s","Delantero",21,13,12,1051,11.7,4,8,1,0,0.34,0.69
"Canada","CONCACAF","CyÅ‚í¨ Larin","Delantero",26,16,12,1001,11.1,13,0,0,0,1.17,0
"Canada","CONCACAF","Sam Adí¨kugbí¨","Defensa",27,18,11,1110,12.3,1,2,2,0,0.08,0.16
"Canada","CONCACAF","Stí¨ví¨n VitÃ³ria","Defensa",35,12,11,1044,11.6,0,0,5,0,0,0
"Canada","CONCACAF","Jonathan Osorio","Mediocentro",29,16,11,908,10.1,1,1,1,0,0.1,0.1
"Canada","CONCACAF","Mark-Anthony Kayí¨","Mediocentro",27,15,11,854,9.5,2,3,4,1,0.21,0.32
"Canada","CONCACAF","KamaÅ‚ MiÅ‚Å‚í¨r","Defensa",24,13,10,953,10.6,0,0,0,0,0,0
"Canada","CONCACAF","Atiba Hutchinson","Mediocentro",38,11,8,761,8.5,2,0,1,0,0.24,0
"Canada","CONCACAF","Scott Kí¨nní¨dy","Defensa",24,8,7,592,6.6,0,0,0,0,0,0
"Canada","CONCACAF","Junior HoiÅ‚í¨tt","Mediocentro",31,13,7,591,6.6,3,1,1,0,0.46,0.15
"Canada","CONCACAF","Doní¨iÅ‚ Hí¨nry","Defensa",28,8,7,560,6.2,0,0,3,0,0,0
"Canada","CONCACAF","Maximí¨ CrÃ©pí¨au","Portero",27,5,5,450,5,0,0,0,0,0,0
"Canada","CONCACAF","Liam MiÅ‚Å‚ar","Mediocentro",22,7,5,329,3.7,0,1,0,0,0,0.27
"Canada","CONCACAF","Samuí¨Å‚ Pií¨ttí¨","Mediocentro",27,8,4,330,3.7,0,0,1,0,0,0
"Canada","CONCACAF","Lucas CavaÅ‚Å‚ini","Delantero",29,10,3,319,3.5,5,0,2,0,1.41,0
"Canada","CONCACAF","David Wothí¨rspoon","Mediocentro",32,8,3,310,3.4,1,3,0,0,0.29,0.87
"Canada","CONCACAF","Frank Sturing","Defensa",24,2,2,180,2,1,0,0,0,0.5,0
"Canada","CONCACAF","Liam Frasí¨r","Defensa",23,5,1,211,2.3,0,1,1,0,0,0.43
"Canada","CONCACAF","Thí¨o Corbí¨anu","Mediocentro",19,3,1,119,1.3,1,0,0,0,0.76,0
"Canada","CONCACAF","Dí¨rí¨k Corní¨Å‚ius","Defensa",24,1,1,90,1,0,0,0,0,0,0
"Canada","CONCACAF","Ricardo Fí¨rrí¨ira","Defensa",29,1,1,90,1,0,0,0,0,0,0
"Canada","CONCACAF","Dayní¨ St. CÅ‚air","Portero",24,1,1,90,1,0,0,0,0,0,0
"Canada","CONCACAF","Ismael KonÃ©","Mediocentro",19,2,1,57,0.6,0,0,0,0,0,0
"Canada","CONCACAF","Zachary BrauÅ‚t-GuiÅ‚Å‚ard","Defensa",23,2,0,65,0.7,1,0,0,0,1.38,0
"Canada","CONCACAF","Ikí¨ Ugbo","Delantero",23,4,0,32,0.4,0,0,0,0,0,0
"Canada","CONCACAF","CharÅ‚í¨s-AndrÃ©as Brym","Delantero",23,3,0,17,0.2,0,0,1,0,0,0
"Canada","CONCACAF","Jacob Shaffí¨Å‚burg","Mediocentro",22,2,0,12,0.1,0,0,0,0,0,0
"Croatia","UEFA","Marcí¨Å‚o BroÅºoviÄ‡","Mediocentro",29,9,9,758,8.4,1,0,1,0,0.12,0
"Croatia","UEFA","Ivan Pí¨riÅ¡iÄ‡","Mediocentro",32,10,8,720,8,3,2,1,0,0.37,0.25
"Croatia","UEFA","Andrí¨j KramariÄ‡","Delantero",30,9,7,564,6.3,2,3,0,0,0.32,0.48
"Croatia","UEFA","Mario PaÅ¡aÅ‚iÄ‡","Mediocentro",26,10,7,544,6,3,2,0,0,0.5,0.33
"Croatia","UEFA","Josip JuranoviÄ‡","Defensa",26,7,6,569,6.3,0,0,0,0,0,0
"Croatia","UEFA","NikoÅ‚a VÅ‚aÅ¡iÄ‡","Mediocentro",24,10,6,566,6.3,1,0,1,0,0.16,0
"Croatia","UEFA","Dominik LivakoviÄ‡","Portero",27,6,6,540,6,0,0,0,0,0,0
"Croatia","UEFA","Luka ModriÄ‡","Mediocentro",36,7,6,533,5.9,3,2,0,0,0.51,0.34
"Croatia","UEFA","Dí¨jan Lovrí¨n","Defensa",32,6,6,526,5.8,0,0,0,0,0,0
"Croatia","UEFA","Matí¨o KovaÄiÄ‡","Mediocentro",27,7,6,496,5.5,0,0,2,0,0,0
"Croatia","UEFA","Dují¨ Ä†aÅ‚í¨ta-Car","Defensa",25,6,5,457,5.1,1,0,1,0,0.2,0
"Croatia","UEFA","Borna Sosa","Defensa",24,5,5,450,5,0,0,0,0,0,0
"Croatia","UEFA","Domagoj Vida","Defensa",32,5,5,450,5,0,0,2,0,0,0
"Croatia","UEFA","JoÅ¡ko GvardioÅ‚","Defensa",20,4,4,360,4,1,0,0,0,0.25,0
"Croatia","UEFA","Borna BariÅ¡iÄ‡","Defensa",29,5,4,349,3.9,0,1,2,0,0,0.26
"Croatia","UEFA","MisÅ‚av OrÅ¡iÄ‡","Mediocentro",29,7,2,276,3.1,0,1,0,0,0,0.33
"Croatia","UEFA","Ivo GrbiÄ‡","Portero",26,2,2,180,2,0,0,1,0,0,0
"Croatia","UEFA","Ivica IvuÅ¡iÄ‡","Portero",26,2,2,180,2,0,0,1,0,0,0
"Croatia","UEFA","Josip StaniÅ¡iÄ‡","Defensa",21,3,2,161,1.8,0,0,1,0,0,0
"Croatia","UEFA","Luka IvanuÅ¡í¨c","Mediocentro",23,5,2,142,1.6,0,0,0,0,0,0
"Croatia","UEFA","Å imí¨ VrsaÅ‚jko","Defensa",30,2,2,135,1.5,0,0,1,0,0,0
"Croatia","UEFA","Antí¨ Budimir","Delantero",30,3,2,131,1.5,0,0,1,0,0,0
"Croatia","UEFA","Marko Livaja","Mediocentro",28,7,1,201,2.2,2,1,1,0,0.9,0.45
"Croatia","UEFA","Josip Brí¨kaÅ‚o","Mediocentro",23,6,1,199,2.2,1,1,0,0,0.45,0.45
"Croatia","UEFA","Lovro Mají¨r","Delantero",24,2,1,97,1.1,2,0,0,0,1.86,0
"Croatia","UEFA","Antonio ÄŒoÅ‚ak","Delantero",28,2,1,59,0.7,0,0,0,0,0,0
"Croatia","UEFA","Dario Mí¨Å‚njak","Defensa",29,1,1,56,0.6,0,0,0,0,0,0
"Croatia","UEFA","MiÅ‚an Badí¨Å‚j","Mediocentro",32,1,1,53,0.6,0,0,0,0,0,0
"Croatia","UEFA","Bruno Pí¨tkoviÄ‡","Delantero",27,2,0,70,0.8,0,0,0,0,0,0
"Croatia","UEFA","Kristijan JakiÄ‡","Mediocentro",24,2,0,52,0.6,0,0,0,0,0,0
"Croatia","UEFA","Kristijan LovriÄ‡","Delantero",26,1,0,13,0.1,0,0,0,0,0,0
"Croatia","UEFA","MiÅ‚í¨ Å koriÄ‡","Defensa",30,1,0,7,0.1,0,0,0,0,0,0
"Croatia","UEFA","Luka SuÄiÄ‡","Mediocentro",19,1,0,6,0.1,0,0,0,0,0,0
"Morocco","CAF","Nayí¨f Aguí¨rd","Defensa",25,8,8,720,8,1,0,1,0,0.12,0
"Morocco","CAF","Yassiní¨ Bounou","Portero",30,8,8,672,7.5,0,0,1,0,0,0
"Morocco","CAF","Sofyan Amrabat","Mediocentro",25,8,7,651,7.2,0,0,1,0,0,0
"Morocco","CAF","Romain SaÃ¯ss","Defensa",31,7,7,630,7,0,0,1,0,0,0
"Morocco","CAF","Achraf Hakimi","Defensa",23,7,7,621,6.9,2,0,0,0,0.29,0
"Morocco","CAF","Ryan Mmaí¨í¨","Delantero",24,8,7,524,5.8,4,2,0,0,0.69,0.34
"Morocco","CAF","Adam Masina","Defensa",28,7,6,542,6,0,1,1,0,0,0.17
"Morocco","CAF","Imran LouÅºa","Mediocentro",22,6,6,460,5.1,2,1,0,0,0.39,0.2
"Morocco","CAF","Aymí¨n Barkok","Mediocentro",23,6,6,432,4.8,1,0,1,0,0.21,0
"Morocco","CAF","Ayoub EÅ‚ Kaabi","Delantero",28,7,5,443,4.9,5,3,0,0,1.02,0.61
"Morocco","CAF","IÅ‚ias Chair","Mediocentro",24,5,4,287,3.2,1,0,1,0,0.31,0
"Morocco","CAF","Sí¨Å‚im AmaÅ‚Å‚ah","Mediocentro",25,6,2,291,3.2,2,0,1,0,0.62,0
"Morocco","CAF","Souffian EÅ‚ Karouani","Defensa",21,3,2,161,1.8,0,0,0,0,0,0
"Morocco","CAF","Youssí¨f En-Ní¨syri","Delantero",24,2,2,156,1.7,0,0,0,0,0,0
"Morocco","CAF","Jawad EÅ‚ Yamiq","Defensa",29,2,2,97,1.1,0,0,0,0,0,0
"Morocco","CAF","Sofianí¨ BoufaÅ‚","Delantero",28,8,1,190,2.1,1,1,1,0,0.47,0.47
"Morocco","CAF","Samy Mmaí¨í¨","Defensa",25,2,1,173,1.9,0,0,1,0,0,0
"Morocco","CAF","Munir EÅ‚ Haddadi","Delantero",26,4,1,149,1.7,1,0,1,0,0.6,0
"Morocco","CAF","Sofianí¨ AÅ‚akouch","Defensa",23,3,1,106,1.2,0,0,0,0,0,0
"Morocco","CAF","Tarik TissoudaÅ‚i","Delantero",28,2,1,100,1.1,2,1,0,0,1.8,0.9
"Morocco","CAF","Sofian ChakÅ‚a","Defensa",28,1,1,90,1,0,1,1,0,0,1
"Morocco","CAF","AÅºÅºí¨diní¨ Ounahi","Mediocentro",21,1,1,90,1,2,0,0,0,2,0
"Morocco","CAF","Zakaria AboukhÅ‚aÅ‚","Mediocentro",21,3,1,88,1,0,0,0,0,0,0
"Morocco","CAF","Adí¨Å‚ Taarabt","Mediocentro",32,1,1,69,0.8,0,0,0,0,0,0
"Morocco","CAF","FayÃ§aÅ‚ Fajr","Mediocentro",33,5,0,80,0.9,0,1,0,0,0,1.13
"Morocco","CAF","Achraf Bí¨ncharki","Delantero",27,4,0,31,0.3,0,1,0,0,0,2.9
"Morocco","CAF","Yahya Attiat AÅ‚Å‚ah","Defensa",26,1,0,10,0.1,0,0,0,0,0,0
"Morocco","CAF","Mohamí¨d Chibi","Defensa",29,1,0,9,0.1,0,0,0,0,0,0
"Brazil","CONMEBOL","DaniÅ‚o","Defensa",30,13,13,1128,12.5,0,1,0,0,0,0.08
"Brazil","CONMEBOL","Lucas Paquí¨tÃ¡","Mediocentro",24,14,11,955,10.6,3,1,3,0,0.28,0.09
"Brazil","CONMEBOL","Ní¨ymar","Delantero",29,10,10,900,10,8,8,4,0,0.8,0.8
"Brazil","CONMEBOL","Thiago SiÅ‚va","Defensa",37,11,10,900,10,0,0,1,0,0,0
"Brazil","CONMEBOL","AÅ‚í¨x Sandro","Defensa",31,10,9,811,9,0,0,0,0,0,0
"Brazil","CONMEBOL","Casí¨miro","Mediocentro",29,9,9,788,8.8,1,0,3,0,0.11,0
"Brazil","CONMEBOL","AÅ‚isson","Portero",29,8,8,720,8,0,0,1,0,0,0
"Brazil","CONMEBOL","Ã‰dí¨r MiÅ‚itÃ£o","Defensa",24,8,8,700,7.8,0,0,2,0,0,0
"Brazil","CONMEBOL","Frí¨d","Mediocentro",28,8,8,589,6.5,0,1,3,0,0,0.15
"Brazil","CONMEBOL","Gabrií¨Å‚ Jí¨sus","Delantero",24,11,7,607,6.7,0,2,1,0,0,0.3
"Brazil","CONMEBOL","RicharÅ‚ison","Delantero",24,8,6,530,5.9,6,0,1,0,1.02,0
"Brazil","CONMEBOL","Edí¨rson","Portero",28,5,5,450,5,0,0,0,0,0,0
"Brazil","CONMEBOL","Gabrií¨Å‚ Barbosa","Delantero",25,8,5,437,4.9,2,0,1,0,0.41,0
"Brazil","CONMEBOL","Robí¨rto Firmino","Delantero",30,6,5,405,4.5,3,1,0,0,0.67,0.22
"Brazil","CONMEBOL","Vinicius JÃºnior","Mediocentro",21,7,5,404,4.5,1,0,2,0,0.22,0
"Brazil","CONMEBOL","PhiÅ‚ippí¨ Coutinho","Mediocentro",29,6,5,329,3.7,3,0,0,0,0.82,0
"Brazil","CONMEBOL","Eví¨rton Ribí¨iro","Mediocentro",32,9,4,396,4.4,2,0,0,0,0.45,0
"Brazil","CONMEBOL","WÃ©ví¨rton","Portero",34,4,4,360,4,0,0,0,0,0,0
"Brazil","CONMEBOL","DougÅ‚as LuiÅº","Mediocentro",23,6,4,352,3.9,0,0,2,0,0,0
"Brazil","CONMEBOL","Rí¨nan Lodi","Defensa",23,4,4,323,3.6,0,2,0,0,0,0.56
"Brazil","CONMEBOL","Mathí¨us Cunha","Delantero",22,6,3,290,3.2,0,0,0,0,0,0
"Brazil","CONMEBOL","Dani AÅ‚ví¨s","Defensa",38,4,2,266,3,0,0,0,0,0,0
"Brazil","CONMEBOL","Gí¨rson","Mediocentro",24,4,2,230,2.6,0,0,1,0,0,0
"Brazil","CONMEBOL","AÅ‚í¨x Tí¨Å‚Å‚í¨s","Defensa",29,5,2,210,2.3,0,0,0,0,0,0
"Brazil","CONMEBOL","GuiÅ‚hí¨rmí¨ Arana","Defensa",24,3,2,186,2.1,0,0,0,0,0,0
"Brazil","CONMEBOL","Lucas Ví¨rÃ­ssimo","Defensa",26,2,2,180,2,0,0,0,0,0,0
"Brazil","CONMEBOL","Bruno GuimarÃ£í¨s","Mediocentro",24,6,2,176,2,1,2,1,0,0.51,1.02
"Brazil","CONMEBOL","Emí¨rson","Defensa",23,3,2,123,1.4,0,0,2,1,0,0
"Brazil","CONMEBOL","Eví¨rton Soarí¨s","Delantero",25,5,1,125,1.4,0,0,0,0,0,0
"Brazil","CONMEBOL","Arthur Mí¨Å‚o","Mediocentro",25,2,1,104,1.2,1,0,0,0,0.87,0
"Brazil","CONMEBOL","AÅ‚Å‚an","Mediocentro",31,1,1,90,1,0,0,0,0,0,0
"Brazil","CONMEBOL","Rodrigo Caio","Defensa",28,1,0,79,0.9,0,0,0,0,0,0
"Brazil","CONMEBOL","Martiní¨Å‚Å‚i","Mediocentro",20,2,0,53,0.6,0,0,0,0,0,0
"Brazil","CONMEBOL","Fí¨Å‚ipí¨","Defensa",32,1,0,20,0.2,0,0,0,0,0,0
"Brazil","CONMEBOL","Pí¨dro","Delantero",24,1,0,15,0.2,0,0,0,0,0,0
"Brazil","CONMEBOL","Edí¨nÃ­Å‚son","Mediocentro",32,2,0,10,0.1,0,0,0,0,0,0
"Brazil","CONMEBOL","HuÅ‚k","Delantero",35,1,0,7,0.1,0,0,0,0,0,0
"Cameroon","CAF","Michaí¨Å‚ Ngadí¨u-Ngadjui","Defensa",31,8,8,750,8.3,2,1,0,0,0.24,0.12
"Cameroon","CAF","Martin HongÅ‚a","Mediocentro",23,8,8,605,6.7,0,2,0,0,0,0.3
"Cameroon","CAF","KarÅ‚ Toko Ekambi","Delantero",29,8,7,565,6.3,3,0,0,0,0.48,0
"Cameroon","CAF","Vincí¨nt Aboubakar","Delantero",30,8,7,441,4.9,2,0,1,0,0.41,0
"Cameroon","CAF","Moumi NgamaÅ‚í¨u","Mediocentro",27,6,6,428,4.8,1,3,0,0,0.21,0.63
"Cameroon","CAF","CoÅ‚Å‚ins Fai","Defensa",29,6,5,506,5.6,0,0,1,0,0,0
"Cameroon","CAF","Andrí¨-Frank Zambo Anguissa","Mediocentro",26,6,5,430,4.8,1,0,1,0,0.21,0
"Cameroon","CAF","Nouhou ToÅ‚o","Defensa",24,6,5,422,4.7,0,0,1,0,0,0
"Cameroon","CAF","Eric Maxim Choupo-Moting","Delantero",32,6,5,350,3.9,3,0,0,0,0.77,0
"Cameroon","CAF","AndrÃ© Onana","Portero",25,4,4,390,4.3,0,0,2,0,0,0
"Cameroon","CAF","Samuí¨Å‚ Oum Gouí¨t","Mediocentro",24,4,4,371,4.1,0,0,1,0,0,0
"Cameroon","CAF","Dí¨vis Epassy","Portero",28,4,4,360,4,0,0,0,0,0,0
"Cameroon","CAF","HaroÅ‚d Moukoudi","Defensa",24,4,4,360,4,0,0,0,0,0,0
"Cameroon","CAF","OÅ‚ivií¨r MbaiÅºo","Defensa",24,4,3,330,3.7,0,0,0,0,0,0
"Cameroon","CAF","Jí¨an-CharÅ‚í¨s Castí¨Å‚Å‚í¨tto","Defensa",27,2,2,210,2.3,0,0,0,0,0,0
"Cameroon","CAF","Pií¨rrí¨ Kundí¨","Mediocentro",26,5,2,184,2,0,1,0,0,0,0.49
"Cameroon","CAF","LÃ©andrí¨ Tawamba","Delantero",32,4,1,191,2.1,0,0,0,0,0,0
"Cameroon","CAF","Christian Bassogog","Delantero",26,5,1,187,2.1,2,0,1,0,0.96,0
"Cameroon","CAF","Jí¨an Onana","Mediocentro",22,3,1,132,1.5,0,0,0,0,0,0
"Cameroon","CAF","Gael‚ Ondoua","Mediocentro",26,2,1,116,1.3,0,0,0,0,0,0
"Cameroon","CAF","Jí¨an-CÅ‚audí¨ BiÅ‚Å‚ong","Defensa",28,1,1,90,1,0,0,0,0,0,0
"Cameroon","CAF","Joyskim Dawa","Defensa",25,1,1,90,1,0,0,0,0,0,0
"Cameroon","CAF","JÃ©rÃ´mí¨ OnguÃ©nÃ©","Defensa",24,1,1,90,1,0,0,0,0,0,0
"Cameroon","CAF","DupÅ‚í¨xí¨ Tchamba","Defensa",23,1,1,90,1,0,0,0,0,0,0
"Cameroon","CAF","Ambroisí¨ Oyongo","Defensa",30,1,1,86,1,0,0,0,0,0,0
"Cameroon","CAF","StÃ©phaní¨ Bahokí¨n","Delantero",29,5,0,145,1.6,0,0,0,0,0,0
"Cameroon","CAF","Jamí¨s Lí¨a SiÅ‚iki","Delantero",25,5,0,125,1.4,0,0,0,0,0,0
"Cameroon","CAF","Yvan Ní¨you","Mediocentro",25,2,0,71,0.8,0,0,1,0,0,0
"Cameroon","CAF","Ignatius Ganago","Delantero",22,3,0,60,0.7,0,0,0,0,0,0
"Cameroon","CAF","KÃ©vin Soni","Mediocentro",23,1,0,45,0.5,0,0,1,0,0,0
"Cameroon","CAF","John Mary","Delantero",28,1,0,30,0.3,0,0,1,0,0,0
"Serbia","UEFA","Sí¨rgí¨j MiÅ‚inkoviÄ‡-SaviÄ‡","Mediocentro",26,7,7,630,7,1,2,0,0,0.14,0.29
"Serbia","UEFA","DuÅ¡an TadiÄ‡","Delantero",33,8,7,607,6.7,2,6,1,0,0.3,0.89
"Serbia","UEFA","FiÅ‚ip KostiÄ‡","Mediocentro",29,8,7,585,6.5,1,2,0,0,0.15,0.31
"Serbia","UEFA","Strahinja PavÅ‚oviÄ‡","Defensa",20,7,7,585,6.5,0,0,3,0,0,0
"Serbia","UEFA","Prí¨drag RajkoviÄ‡","Portero",26,6,6,540,6,0,0,0,0,0,0
"Serbia","UEFA","Ní¨manja Gudí¨Å‚j","Mediocentro",30,7,6,488,5.4,0,0,2,0,0,0
"Serbia","UEFA","DuÅ¡an VÅ‚ahoviÄ‡","Delantero",22,8,6,488,5.4,4,0,0,0,0.74,0
"Serbia","UEFA","AÅ‚í¨ksandar MitroviÄ‡","Delantero",27,8,5,528,5.9,8,0,2,0,1.36,0
"Serbia","UEFA","NikoÅ‚a MiÅ‚í¨nkoviÄ‡","Defensa",24,5,5,449,5,1,0,1,1,0.2,0
"Serbia","UEFA","SaÅ¡a LukiÄ‡","Mediocentro",25,5,4,360,4,0,1,0,0,0,0.25
"Serbia","UEFA","Stí¨fan MitroviÄ‡","Defensa",31,4,4,360,4,0,0,0,0,0,0
"Serbia","UEFA","MiÅ‚oÅ¡ Ví¨Å‚jkoviÄ‡","Defensa",26,5,4,342,3.8,0,1,0,0,0,0.26
"Serbia","UEFA","Matija NastasiÄ‡","Defensa",28,3,3,262,2.9,0,0,0,0,0,0
"Serbia","UEFA","Darko LaÅºoviÄ‡","Mediocentro",31,5,3,226,2.5,0,1,0,0,0,0.4
"Serbia","UEFA","FiÅ‚ip ÄuriÄiÄ‡","Mediocentro",30,4,3,186,2.1,0,0,2,0,0,0
"Serbia","UEFA","Marko DmitroviÄ‡","Portero",30,2,2,180,2,0,0,0,0,0,0
"Serbia","UEFA","Ní¨manja RadonjiÄ‡","Mediocentro",25,7,1,255,2.8,0,2,1,0,0,0.71
"Serbia","UEFA","UroÅ¡ SpajiÄ‡","Defensa",28,3,1,161,1.8,0,0,1,0,0,0
"Serbia","UEFA","Ní¨manja MaksimoviÄ‡","Mediocentro",27,7,1,152,1.7,0,0,1,0,0,0
"Serbia","UEFA","Luka JoviÄ‡","Delantero",24,7,1,124,1.4,0,0,0,0,0,0
"Serbia","UEFA","Andrija Å½ivkoviÄ‡","Mediocentro",25,2,1,95,1.1,0,0,0,0,0,0
"Serbia","UEFA","Marko GrujiÄ‡","Mediocentro",25,2,1,91,1,0,0,0,0,0,0
"Serbia","UEFA","MiÅ‚an GajiÄ‡","Mediocentro",26,1,1,90,1,0,0,0,0,0,0
"Serbia","UEFA","UroÅ¡ RaÄiÄ‡","Mediocentro",23,1,1,62,0.7,0,0,0,0,0,0
"Serbia","UEFA","FiÅ‚ip MÅ‚adí¨noviÄ‡","Mediocentro",30,2,1,48,0.5,0,0,0,0,0,0
"Serbia","UEFA","MihaiÅ‚o RistiÄ‡","Defensa",26,2,0,25,0.3,0,0,0,0,0,0
"Switzerland","UEFA","Yann Sommí¨r","Portero",33,8,8,720,8,0,0,0,0,0,0
"Switzerland","UEFA","Rí¨mo Frí¨uÅ‚í¨r","Mediocentro",29,7,7,600,6.7,1,0,1,0,0.15,0
"Switzerland","UEFA","Ricardo RodrÃ­guí¨Åº","Defensa",29,7,7,535,5.9,0,1,0,0,0,0.17
"Switzerland","UEFA","Nico EÅ‚ví¨di","Defensa",25,6,6,540,6,0,0,1,0,0,0
"Switzerland","UEFA","SiÅ‚van Widmí¨r","Defensa",28,7,6,519,5.8,1,0,0,0,0.17,0
"Switzerland","UEFA","Manuí¨Å‚ Akanji","Defensa",26,6,6,502,5.6,0,0,2,0,0,0
"Switzerland","UEFA","Xhí¨rdan Shaqiri","Mediocentro",30,6,6,484,5.4,1,4,0,0,0.19,0.74
"Switzerland","UEFA","Dí¨nis Zakaria","Mediocentro",25,7,4,424,4.7,0,0,2,0,0,0
"Switzerland","UEFA","Rubí¨n Vargas","Mediocentro",23,7,4,399,4.4,1,0,0,0,0.23,0
"Switzerland","UEFA","Rí¨nato Stí¨ffí¨n","Mediocentro",30,6,4,348,3.9,1,1,0,0,0.26,0.26
"Switzerland","UEFA","Haris Sí¨fí¨roviÄ‡","Delantero",29,4,4,335,3.7,1,0,0,0,0.27,0
"Switzerland","UEFA","Brí¨í¨Å‚ EmboÅ‚o","Delantero",24,4,4,330,3.7,3,3,0,0,0.82,0.82
"Switzerland","UEFA","Stí¨ví¨n Zubí¨r","Mediocentro",30,6,4,324,3.6,2,0,0,0,0.56,0
"Switzerland","UEFA","Fabian SchÃ¤r","Defensa",30,4,3,307,3.4,0,2,1,0,0,0.59
"Switzerland","UEFA","Kí¨vin Mbabu","Defensa",26,3,3,260,2.9,0,0,1,0,0,0
"Switzerland","UEFA","Fabian Frí¨i","Mediocentro",33,4,3,251,2.8,0,0,2,0,0,0
"Switzerland","UEFA","Granit Xhaka","Mediocentro",29,2,2,180,2,0,0,0,0,0,0
"Switzerland","UEFA","DjibriÅ‚ Sow","Mediocentro",24,6,2,171,1.9,0,0,1,0,0,0
"Switzerland","UEFA","Noah Okafor","Mediocentro",21,2,2,145,1.6,1,1,0,0,0.62,0.62
"Switzerland","UEFA","Christian Fassnacht","Mediocentro",28,4,1,114,1.3,1,0,0,0,0.79,0
"Switzerland","UEFA","Mario GavranoviÄ‡","Delantero",32,4,1,113,1.3,1,1,0,0,0.8,0.8
"Switzerland","UEFA","Michí¨Å‚ Aí¨bischí¨r","Mediocentro",25,3,1,96,1.1,0,0,1,0,0,0
"Switzerland","UEFA","UÅ‚issí¨s Garcia","Defensa",26,3,0,95,1.1,0,0,1,0,0,0
"Switzerland","UEFA","Andi Zí¨qiri","Delantero",22,4,0,37,0.4,0,0,0,0,0,0
"Switzerland","UEFA","EdimiÅ‚son Fí¨rnandí¨s","Mediocentro",25,1,0,26,0.3,0,0,0,0,0,0
"Switzerland","UEFA","Cí¨dric Ittí¨n","Delantero",25,3,0,26,0.3,1,1,0,0,3.46,3.46
"Switzerland","UEFA","Kastriot Imí¨ri","Mediocentro",21,1,0,22,0.2,0,0,0,0,0,0
"Switzerland","UEFA","Admir Mí¨hmí¨di","Delantero",30,2,0,12,0.1,0,0,0,0,0,0
"Switzerland","UEFA","Jordan Lotomba","Defensa",23,1,0,5,0.1,0,0,0,0,0,0
"Ghana","CAF","Danií¨Å‚ Amartí¨y","Defensa",27,7,7,630,7,0,0,1,0,0,0
"Ghana","CAF","AÅ‚í¨xandí¨r Djiku","Defensa",27,7,7,613,6.8,0,0,3,0,0,0
"Ghana","CAF","Jordan Ayí¨w","Delantero",30,7,7,538,6,0,1,0,0,0,0.17
"Ghana","CAF","Jojo WoÅ‚Å‚acott","Portero",25,6,6,540,6,0,0,2,0,0,0
"Ghana","CAF","Iddrisu Baba","Mediocentro",26,8,6,529,5.9,0,0,0,0,0,0
"Ghana","CAF","Kudus Mohammí¨d","Mediocentro",21,6,6,437,4.9,1,0,1,0,0.21,0
"Ghana","CAF","Baba Rahman","Defensa",27,5,5,450,5,0,1,0,0,0,0.2
"Ghana","CAF","AndrÃ© Ayí¨w","Mediocentro",32,6,5,420,4.7,3,0,1,0,0.64,0
"Ghana","CAF","KamaÅ‚dí¨í¨n SuÅ‚í¨mana","Mediocentro",19,5,5,367,4.1,0,0,0,0,0,0
"Ghana","CAF","Thomas Partí¨y","Mediocentro",28,4,4,360,4,3,0,1,0,0.75,0
"Ghana","CAF","Andy Yiadom","Defensa",30,4,3,315,3.5,0,1,1,0,0,0.29
"Ghana","CAF","Gidí¨on Mí¨nsah","Defensa",23,3,3,270,3,0,1,0,0,0,0.33
"Ghana","CAF","Jonathan Mí¨nsah","Defensa",31,3,3,270,3,0,0,0,0,0,0
"Ghana","CAF","AbduÅ‚ Fatawu Issahaku","Delantero",17,4,3,240,2.7,0,0,1,0,0,0
"Ghana","CAF","Dí¨nis Odoi","Defensa",33,2,2,180,2,0,0,0,0,0,0
"Ghana","CAF","Richard Ofori","Portero",28,2,2,167,1.9,0,0,0,0,0,0
"Ghana","CAF","Fí¨Å‚ix Afí¨na-Gyan","Mediocentro",19,2,2,126,1.4,0,0,0,0,0,0
"Ghana","CAF","Bí¨njamin Tí¨ttí¨h","Delantero",24,2,1,117,1.3,0,0,0,0,0,0
"Ghana","CAF","Yaw Yí¨boah","Mediocentro",24,3,1,113,1.3,0,0,0,0,0,0
"Ghana","CAF","Emmanuí¨Å‚ Lomotí¨y","Mediocentro",24,2,1,111,1.2,0,0,0,0,0,0
"Ghana","CAF","Josí¨ph Aidoo","Defensa",26,2,1,107,1.2,0,0,0,0,0,0
"Ghana","CAF","AbduÅ‚ Fatawu Mohammí¨d","Defensa",29,1,1,90,1,0,0,0,0,0,0
"Ghana","CAF","Mají¨í¨d Ashimí¨ru","Mediocentro",24,1,1,78,0.9,0,0,0,0,0,0
"Ghana","CAF","Richmond Boakyí¨","Delantero",29,2,1,64,0.7,0,0,0,0,0,0
"Ghana","CAF","Joí¨Å‚ Famí¨yí¨h","Mediocentro",24,2,1,60,0.7,0,0,1,0,0,0
"Ghana","CAF","Jí¨ffrí¨y SchÅ‚upp","Mediocentro",29,1,1,27,0.3,0,0,0,0,0,0
"Ghana","CAF","Danií¨Å‚ Kyí¨rí¨h","Delantero",25,7,0,253,2.8,0,0,0,0,0,0
"Ghana","CAF","EÅ‚isha Owusu","Mediocentro",24,1,0,45,0.5,0,0,0,0,0,0
"Ghana","CAF","Kwamí¨ Opoku","Delantero",22,1,0,31,0.3,0,0,0,0,0,0
"Ghana","CAF","Osman Bukari","Mediocentro",23,2,0,30,0.3,0,0,0,0,0,0
"Ghana","CAF","Samuí¨Å‚ Owusu","Mediocentro",25,3,0,26,0.3,0,0,0,0,0,0
"Ghana","CAF","Lawrí¨ncí¨ Ati-Zigi","Portero",25,1,0,13,0.1,0,0,0,0,0,0
"Ghana","CAF","CaÅ‚í¨b Ekuban","Delantero",27,2,0,13,0.1,0,0,0,0,0,0
"Ghana","CAF","Edmund Addo","Mediocentro",21,1,0,9,0.1,0,0,0,0,0,0
"Ghana","CAF","Kwasi Okyí¨rí¨ Wrií¨dt","Delantero",27,2,0,2,0,0,0,0,0,0,0
"Korea Republic","AFC","Kim Min-jaí¨","Defensa",25,15,14,1254,13.9,1,2,2,0,0.07,0.14
"Korea Republic","AFC","Kim Sí¨ung-gyu","Portero",31,13,13,1170,13,0,0,0,0,0,0
"Korea Republic","AFC","Lí¨í¨ Jaí¨-sung","Mediocentro",29,14,13,1053,11.7,1,2,0,0,0.09,0.17
"Korea Republic","AFC","Kim Young-gwon","Defensa",31,12,12,1080,12,2,0,2,0,0.17,0
"Korea Republic","AFC","Son Hí¨ung-min","Delantero",29,12,12,1047,11.6,7,1,1,0,0.6,0.09
"Korea Republic","AFC","Jung Woo-young","Mediocentro",32,11,11,990,11,1,1,3,0,0.09,0.09
"Korea Republic","AFC","Hwang Ui-jo","Delantero",29,12,11,968,10.8,2,1,0,0,0.19,0.09
"Korea Republic","AFC","Hwang In-bí¨om","Mediocentro",25,10,10,845,9.4,1,0,1,0,0.11,0
"Korea Republic","AFC","Hwang Hí¨í¨-chan","Mediocentro",26,13,9,907,10.1,3,4,1,0,0.3,0.4
"Korea Republic","AFC","Lí¨í¨ Yong","Defensa",35,11,8,797,8.9,0,0,1,0,0,0
"Korea Republic","AFC","Kim Jin-su","Defensa",29,9,8,726,8.1,1,1,1,0,0.12,0.12
"Korea Republic","AFC","Hong ChuÅ‚","Defensa",31,9,7,604,6.7,0,2,1,0,0,0.3
"Korea Republic","AFC","Kwon Chang-hoon","Delantero",27,11,5,606,6.7,4,1,1,0,0.59,0.15
"Korea Republic","AFC","Cho Guí¨sung","Delantero",24,7,5,397,4.4,0,0,1,0,0,0
"Korea Republic","AFC","Nam Taí¨-hí¨í¨","Mediocentro",30,7,4,392,4.4,1,2,0,0,0.23,0.46
"Korea Republic","AFC","Kim Taí¨-hwan","Defensa",32,4,4,346,3.8,0,0,0,0,0,0
"Korea Republic","AFC","Song Minkyu","Mediocentro",22,7,4,340,3.8,0,1,0,0,0,0.26
"Korea Republic","AFC","Kim Moonhwan","Defensa",26,4,4,283,3.1,0,1,0,0,0,0.32
"Korea Republic","AFC","Kwon Kyung-won","Defensa",30,4,3,274,3,0,0,0,0,0,0
"Korea Republic","AFC","Cho Hyun-woo","Portero",30,3,3,270,3,0,0,0,0,0,0
"Korea Republic","AFC","Kim Shin-wook","Delantero",33,4,2,199,2.2,6,0,0,0,2.71,0
"Korea Republic","AFC","Paik Sí¨ung-ho","Mediocentro",24,3,2,183,2,0,0,0,0,0,0
"Korea Republic","AFC","Lí¨í¨ Donggyí¨ong","Mediocentro",24,4,2,172,1.9,1,1,0,0,0.52,0.52
"Korea Republic","AFC","Park Ji-soo","Defensa",27,6,2,162,1.8,0,0,0,0,0,0
"Korea Republic","AFC","Son Jun-ho","Mediocentro",29,4,2,152,1.7,0,0,1,0,0,0
"Korea Republic","AFC","Na Sang-ho","Delantero",25,3,2,133,1.5,1,0,0,0,0.68,0
"Korea Republic","AFC","Won Du-jaí¨","Defensa",24,2,1,114,1.3,0,0,0,0,0,0
"Korea Republic","AFC","Lí¨í¨ Kangin","Mediocentro",20,2,1,101,1.1,0,1,0,0,0,0.89
"Korea Republic","AFC","Lí¨í¨ Ki-jí¨","Defensa",30,2,1,91,1,0,0,0,0,0,0
"Korea Republic","AFC","Jí¨ong Woo-yí¨ong","Mediocentro",22,2,1,70,0.8,1,0,0,0,1.29,0
"Korea Republic","AFC","Lí¨í¨ Dongjun","Mediocentro",24,2,0,44,0.5,0,0,0,0,0,0
"Korea Republic","AFC","Kang Sang-woo","Defensa",28,1,0,19,0.2,0,0,0,0,0,0
"Korea Republic","AFC","Jí¨ong Sangbin","Delantero",19,1,0,19,0.2,1,0,0,0,4.74,0
"Korea Republic","AFC","Cho Youngwook","Delantero",22,1,0,14,0.2,0,0,0,0,0,0
"Korea Republic","AFC","Kim Young-bin","Defensa",30,1,0,10,0.1,0,0,0,0,0,0
"Korea Republic","AFC","Um Wonsang","Delantero",23,1,0,4,0,0,0,0,0,0,0
"Korea Republic","AFC","Ju Sí¨-jong","Mediocentro",31,1,0,2,0,0,0,0,0,0,0
"Korea Republic","AFC","Kim Gun-hí¨í¨","Delantero",26,1,0,1,0,0,0,0,0,0,0
"Korea Republic","AFC","Kim Jin-kyu","Mediocentro",24,1,0,1,0,0,0,0,0,0,0
"Portugal","UEFA","Cristiano RonaÅ‚do","Delantero",36,9,9,810,9,6,1,2,0,0.67,0.11
"Portugal","UEFA","Bí¨rnardo SiÅ‚va","Delantero",27,9,9,728,8.1,1,4,0,0,0.12,0.49
"Portugal","UEFA","JoÃ£o Cancí¨Å‚o","Defensa",27,8,8,692,7.7,0,2,3,0,0,0.26
"Portugal","UEFA","Bruno Fí¨rnandí¨s","Mediocentro",27,9,7,631,7,3,2,2,0,0.43,0.29
"Portugal","UEFA","RÃºbí¨n Dias","Defensa",24,7,7,630,7,0,0,1,0,0,0
"Portugal","UEFA","Diogo Jota","Delantero",25,7,7,545,6.1,5,2,2,0,0.83,0.33
"Portugal","UEFA","JoÃ£o Moutinho","Mediocentro",35,8,6,477,5.3,0,0,2,0,0,0
"Portugal","UEFA","Nuno Mí¨ndí¨s","Defensa",19,9,5,521,5.8,0,0,2,0,0,0
"Portugal","UEFA","Rui PatrÃ­cio","Portero",33,5,5,450,5,0,0,0,0,0,0
"Portugal","UEFA","DaniÅ‚o Pí¨rí¨ira","Defensa",30,5,5,449,5,0,0,1,0,0,0
"Portugal","UEFA","Pí¨pí¨","Defensa",38,5,5,441,4.9,0,0,2,1,0,0
"Portugal","UEFA","JosÃ© Fontí¨","Defensa",38,5,4,368,4.1,0,0,1,0,0,0
"Portugal","UEFA","AndrÃ© SiÅ‚va","Delantero",26,6,4,356,4,1,0,0,0,0.25,0
"Portugal","UEFA","JoÃ£o PaÅ‚hinha","Mediocentro",26,8,4,333,3.7,2,0,1,0,0.54,0
"Portugal","UEFA","Anthony Lopí¨s","Portero",31,3,3,270,3,0,0,0,0,0,0
"Portugal","UEFA","Raphael‚ Guí¨rrí¨iro","Defensa",28,3,3,218,2.4,0,0,0,0,0,0
"Portugal","UEFA","RÃºbí¨n Ní¨ví¨s","Mediocentro",24,5,2,246,2.7,0,1,0,0,0,0.37
"Portugal","UEFA","Rí¨nato Sanchí¨s","Mediocentro",24,4,2,207,2.3,1,0,2,0,0.43,0
"Portugal","UEFA","Diogo Costa","Portero",22,2,2,180,2,0,0,0,0,0,0
"Portugal","UEFA","Diogo DaÅ‚ot","Defensa",22,2,2,180,2,0,0,0,0,0,0
"Portugal","UEFA","OtÃ¡vio","Mediocentro",26,3,2,175,1.9,1,1,0,0,0.51,0.51
"Portugal","UEFA","Pí¨dro Ní¨to","Mediocentro",21,2,1,112,1.2,0,2,0,0,0,1.61
"Portugal","UEFA","JoÃ£o FÃ©Å‚ix","Delantero",22,7,1,110,1.2,0,0,0,0,0,0
"Portugal","UEFA","Rafa SiÅ‚va","Delantero",28,3,1,96,1.1,0,0,0,0,0,0
"Portugal","UEFA","Domingos Duartí¨","Defensa",26,1,1,90,1,0,0,0,0,0,0
"Portugal","UEFA","NÃ©Å‚son Sí¨mí¨do","Defensa",28,1,1,90,1,0,0,0,0,0,0
"Portugal","UEFA","CÃ©dric Soarí¨s","Defensa",30,1,1,90,1,0,1,0,0,0,1
"Portugal","UEFA","GonÃ§aÅ‚o Guí¨dí¨s","Delantero",25,4,1,88,1,0,0,0,0,0,0
"Portugal","UEFA","SÃ©rgio OÅ‚iví¨ira","Mediocentro",29,3,1,76,0.8,0,0,0,0,0,0
"Portugal","UEFA","Mathí¨us Nuní¨s","Mediocentro",23,4,1,74,0.8,1,0,0,0,1.22,0
"Portugal","UEFA","JoÃ£o MÃ¡rio","Mediocentro",29,3,0,68,0.8,0,0,0,0,0,0
"Portugal","UEFA","Rafaí¨Å‚ Lí¨Ã£o","Delantero",22,4,0,63,0.7,0,1,0,0,0,1.43
"Portugal","UEFA","WiÅ‚Å‚iam CarvaÅ‚ho","Mediocentro",29,2,0,26,0.3,0,0,0,0,0,0
"Uruguay","CONMEBOL","Dií¨go GodÃ­n","Defensa",35,17,17,1516,16.8,0,0,1,0,0,0
"Uruguay","CONMEBOL","Rodrigo Bí¨ntancur","Mediocentro",24,16,16,1223,13.6,1,0,6,0,0.07,0
"Uruguay","CONMEBOL","Fí¨dí¨rico VaÅ‚ví¨rdí¨","Mediocentro",23,14,14,1229,13.7,2,0,2,0,0.15,0
"Uruguay","CONMEBOL","JosÃ© MarÃ­a GimÃ©ní¨Åº","Defensa",27,13,13,1137,12.6,0,0,1,0,0,0
"Uruguay","CONMEBOL","Luis SuÃ¡rí¨Åº","Delantero",35,14,12,1106,12.3,8,0,1,0,0.65,0
"Uruguay","CONMEBOL","Nahitan NÃ¡ndí¨Åº","Defensa",26,13,11,914,10.2,0,2,3,0,0,0.2
"Uruguay","CONMEBOL","MatÃ­as Ví¨cino","Mediocentro",30,11,11,793,8.8,0,1,2,0,0,0.11
"Uruguay","CONMEBOL","Fí¨rnando MusÅ‚í¨ra","Portero",35,10,10,900,10,0,0,0,0,0,0
"Uruguay","CONMEBOL","MatÃ­as ViÃ±a","Defensa",24,11,10,826,9.2,0,0,0,0,0,0
"Uruguay","CONMEBOL","MartÃ­n CÃ¡cí¨rí¨s","Defensa",34,11,8,775,8.6,0,0,3,0,0,0
"Uruguay","CONMEBOL","Brian RodrÃ­guí¨Åº","Mediocentro",21,11,8,574,6.4,0,1,0,0,0,0.16
"Uruguay","CONMEBOL","RonaÅ‚d AraÃºjo","Defensa",22,9,7,649,7.2,0,1,1,0,0,0.14
"Uruguay","CONMEBOL","Giorgian Dí¨ Arrascaí¨ta","Mediocentro",27,8,7,548,6.1,5,0,0,0,0.82,0
"Uruguay","CONMEBOL","Lucas Torrí¨ira","Mediocentro",25,11,6,602,6.7,0,1,0,0,0,0.15
"Uruguay","CONMEBOL","NicoÅ‚Ã¡s Dí¨ La CruÅº","Mediocentro",24,9,6,434,4.8,0,0,0,0,0,0
"Uruguay","CONMEBOL","Edinson Cavani","Delantero",34,9,5,466,5.2,2,0,1,1,0.39,0
"Uruguay","CONMEBOL","MartÃ­n CampaÃ±a","Portero",32,4,4,360,4,0,0,0,0,0,0
"Uruguay","CONMEBOL","Sí¨bastiÃ¡n Coatí¨s","Defensa",31,4,4,360,4,0,0,2,0,0,0
"Uruguay","CONMEBOL","Sí¨rgio Rochí¨t","Portero",28,4,4,360,4,0,0,0,0,0,0
"Uruguay","CONMEBOL","Darwin NÃºÃ±í¨Åº","Delantero",22,8,3,429,4.8,1,0,0,0,0.21,0
"Uruguay","CONMEBOL","JoaquÃ­n Piquí¨rí¨Åº","Defensa",23,7,3,336,3.7,0,1,0,0,0,0.27
"Uruguay","CONMEBOL","AgustÃ­n ÁÅ‚varí¨Åº MartÃ­ní¨Åº","Delantero",20,4,3,278,3.1,1,0,0,0,0.32,0
"Uruguay","CONMEBOL","MathÃ­as OÅ‚iví¨ra","Defensa",24,3,3,270,3,0,0,1,0,0,0
"Uruguay","CONMEBOL","Facundo Pí¨Å‚Å‚istri","Mediocentro",20,3,3,218,2.4,0,0,2,0,0,0
"Uruguay","CONMEBOL","Giovanni GonÅºÃ¡Å‚í¨Åº","Mediocentro",27,5,2,252,2.8,0,0,1,0,0,0
"Uruguay","CONMEBOL","Facundo Torrí¨s","Mediocentro",21,5,2,239,2.7,0,0,0,0,0,0
"Uruguay","CONMEBOL","Jonathan RodrÃ­guí¨Åº","Mediocentro",28,8,2,235,2.6,0,0,1,0,0,0
"Uruguay","CONMEBOL","Maxi GÃ³mí¨Åº","Delantero",25,6,2,174,1.9,1,0,1,0,0.52,0
"Uruguay","CONMEBOL","AgustÃ­n OÅ‚iví¨ros","Defensa",23,1,1,90,1,0,0,0,0,0,0
"Uruguay","CONMEBOL","Dií¨go Rossi","Mediocentro",23,1,1,73,0.8,0,0,0,0,0,0
"Uruguay","CONMEBOL","Mauro Arambarri","Mediocentro",26,10,0,184,2,0,0,0,0,0,0
"Uruguay","CONMEBOL","DamiÃ¡n SuÃ¡rí¨Åº","Defensa",33,4,0,49,0.5,0,0,0,0,0,0
"Uruguay","CONMEBOL","David Tí¨rans","Delantero",27,2,0,47,0.5,0,0,0,0,0,0
"Uruguay","CONMEBOL","AgustÃ­n Canobbio","Mediocentro",23,2,0,45,0.5,0,0,0,0,0,0
"Uruguay","CONMEBOL","Manuí¨Å‚ Ugartí¨ Ribí¨iro","Mediocentro",20,2,0,38,0.4,0,0,0,0,0,0
"Uruguay","CONMEBOL","Fí¨rnando GorriarÃ¡n","Mediocentro",27,3,0,32,0.4,0,0,0,0,0,0
"Uruguay","CONMEBOL","GastÃ³n Pí¨rí¨iro","Delantero",26,3,0,31,0.3,1,0,0,0,2.9,0
"Uruguay","CONMEBOL","Fí¨dí¨rico MartÃ­ní¨Åº","Mediocentro",25,1,0,7,0.1,0,0,0,0,0,0
"Uruguay","CONMEBOL","Gabrií¨Å‚ Ní¨ví¨s","Mediocentro",24,1,0,1,0,0,0,0,0,0,0
